id,token,ner_tags,raw_tags
1,[CLS],10,O
1,??,10,O
1,????,10,O
1,??,10,O
1,?????,10,O
1,????,10,O
1,"??""?",1,B-AUT
1,[SEP],10,O
1,,10,O
2,[CLS],10,O
2,?????,10,O
2,?????,10,O
2,"?????""?",1,B-AUT
2,[SEP],10,O
2,,10,O
3,[CLS],10,O
3,?????,10,O
3,???,10,O
3,??,10,O
3,????,10,O
3,##??,10,O
3,??,10,O
3,??????,10,O
3,?????,10,O
3,?????,10,O
3,?????,10,O
3,????,10,O
3,##?,10,O
3,????,2,B-BOK
3,[SEP],10,O
3,,10,O
4,[CLS],10,O
4,??,10,O
4,???,10,O
4,??,10,O
4,????,10,O
4,??,10,O
4,##??,10,O
4,##???,10,O
4,?????,10,O
4,?????,10,O
4,##??,10,O
4,??????,10,O
4,????,10,O
4,"????""?",1,B-AUT
4,?????,10,O
4,???,10,O
4,?????,10,O
4,????,10,O
4,[SEP],10,O
4,,10,O
5,[CLS],10,O
5,"????""?",1,B-AUT
5,????,10,O
5,????,10,O
5,????,10,O
5,???,10,O
5,???,10,O
5,##???,10,O
5,????,10,O
5,????,10,O
5,???,10,O
5,??????,10,O
5,????,10,O
5,???,10,O
5,[SEP],10,O
5,,10,O
6,[CLS],10,O
6,????,10,O
6,"???""?",1,B-AUT
6,????,3,B-pCHP
6,"??""?",4,B-CHP
6,??????,10,O
6,?????,10,O
6,??,10,O
6,??,10,O
6,???,10,O
6,?????,10,O
6,??,10,O
6,???,10,O
6,????,10,O
6,??????,10,O
6,???,10,O
6,????,10,O
6,????,10,O
6,?????,10,O
6,???,10,O
6,???,10,O
6,##?,10,O
6,[SEP],10,O
6,,10,O
7,[CLS],10,O
7,"??""?",2,B-BOK
7,????,2.1,I-BOK
7,???,2.1,I-BOK
7,???,3,B-pSEC
7,???,4,B-SEC
7,????,4.1,I-SEC
7,????,5,B-pCHP
7,?,6,B-CHP
7,???,10,O
7,??????,10,O
7,???,10,O
7,????,10,O
7,???,10,O
7,???,10,O
7,??,10,O
7,????,10,O
7,??????,10,O
7,??????,10,O
7,????,10,O
7,???,10,O
7,??,10,O
7,??,10,O
7,##??,10,O
7,##??,10,O
7,##?,10,O
7,[SEP],10,O
7,,10,O
8,[CLS],10,O
8,?????,10,O
8,??????,1,B-AUT
8,"????""?",1,B-AUT
8,"????""?",1,B-AUT
8,"????""?",1,B-AUT
8,????,10,O
8,??????,10,O
8,????,10,O
8,????,10,O
8,[SEP],10,O
8,,10,O
9,[CLS],10,O
9,??,10,O
9,??,10,O
9,????,10,O
9,?????,2,B-BOK
9,??????,2.1,I-BOK
9,????,10,O
9,##??,10,O
9,?????,10,O
9,???,10,O
9,??????,10,O
9,????,10,O
9,???,10,O
9,##??,10,O
9,??,10,O
9,[SEP],10,O
9,,10,O
10,[CLS],10,O
10,?,10,O
10,),10,O
10,???????,2,B-BOK
10,(,10,O
10,"?""?",6,B-CHP
10,????,7,B-pSCHP
10,?',8,B-SCHP
10,),10,O
10,???,10,O
10,##?,10,O
10,?????,10,O
10,??,10,O
10,???,10,O
10,?????,10,O
10,??,10,O
10,??,10,O
10,????,10,O
10,??,10,O
10,???,10,O
10,??,10,O
10,???,10,O
10,?????,10,O
10,????,10,O
10,???,10,O
10,[SEP],10,O
10,,10,O
11,[CLS],10,O
11,??????,10,O
11,???,10,O
11,##??,10,O
11,??,10,O
11,##???,10,O
11,????,10,O
11,????,10,O
11,????,10,O
11,##??,10,O
11,????,10,O
11,+,10,O
11,???,10,O
11,"##""?",10,O
11,????,10,O
11,"???""?",1,B-AUT
11,???,5,B-pCHP
11,?',5.1,I-pCHP
11,??????,3,B-pSEC
11,??????,4,B-SEC
11,????,4.1,I-SEC
11,??,10,O
11,##??,10,O
11,??,10,O
11,??,10,O
11,##??,10,O
11,???,10,O
11,???,10,O
11,##?,10,O
11,[SEP],10,O
11,,10,O
12,[CLS],10,O
12,???,10,O
12,##???,10,O
12,??????,10,O
12,??,10,O
12,##??,10,O
12,??,10,O
12,"???""?",1,B-AUT
12,???,10,O
12,##???,10,O
12,?????,10,O
12,????,10,O
12,??????,10,O
12,[SEP],10,O
12,,10,O
13,[CLS],10,O
13,??,10,O
13,"##""?",10,O
13,????,10,O
13,?????,10,O
13,???,10,O
13,???,10,O
13,??????,10,O
13,"??""?",1,B-AUT
13,????,1,B-AUT
13,##??,10,O
13,?????,10,O
13,?????,10,O
13,????,10,O
13,##?,10,O
13,?????,10,O
13,??????,10,O
13,[SEP],10,O
13,,10,O
14,[CLS],10,O
14,????,1,B-AUT
14,????,1.1,I-AUT
14,???,1,B-AUT
14,"##""?",10,O
14,???,10,O
14,???,10,O
14,##??,10,O
14,##?,10,O
14,????,10,O
14,##??,10,O
14,?????,10,O
14,???,10,O
14,????,10,O
14,???,10,O
14,"????""?",1,B-AUT
14,????,10,O
14,??,10,O
14,???,10,O
14,##??,10,O
14,??????,10,O
14,##?,10,O
14,[SEP],10,O
14,,10,O
15,[CLS],10,O
15,?????,10,O
15,???,10,O
15,????,10,O
15,???,10,O
15,??,10,O
15,????,10,O
15,"????""?",1,B-AUT
15,?????,2,B-BOK
15,(,10,O
15,????,10,O
15,?????,10,O
15,),10,O
15,???,10,O
15,??,10,O
15,##?,10,O
15,##???,10,O
15,???,10,O
15,??????,10,O
15,???,10,O
15,????,10,O
15,[SEP],10,O
15,,10,O
16,[CLS],10,O
16,????,10,O
16,???,10,O
16,"???""?",1,B-AUT
16,???,4,B-SEC
16,???,4.1,I-SEC
16,(,10,O
16,???,6,B-CHP
16,?????,6.1,I-CHP
16,???,6.1,I-CHP
16,????,7,B-pSCHP
16,?',8,B-SCHP
16,),10,O
16,???,10,O
16,?????,10,O
16,????,10,O
16,???,10,O
16,??????,10,O
16,????,10,O
16,???,10,O
16,????,10,O
16,???,10,O
16,???,10,O
16,??,10,O
16,????,10,O
16,##?,10,O
16,????,10,O
16,???,10,O
16,??,10,O
16,???,10,O
16,???,10,O
16,????,10,O
16,[SEP],10,O
16,,10,O
17,[CLS],10,O
17,"?""?",10,O
17,??,10,O
17,????,10,O
17,?????,10,O
17,??,10,O
17,##??,10,O
17,????,10,O
17,????,10,O
17,?????,10,O
17,???,10,O
17,????,10,O
17,[SEP],10,O
17,,10,O
18,[CLS],10,O
18,??????,10,O
18,"??""?",1,B-AUT
18,?????,10,O
18,##?,10,O
18,????,10,O
18,##??,10,O
18,???,10,O
18,??????,10,O
18,?????,10,O
18,????,10,O
18,[SEP],10,O
18,,10,O
19,[CLS],10,O
19,?????,10,O
19,"??""?",1,B-AUT
19,?????,4,B-SEC
19,(,10,O
19,??,5,B-pCHP
19,?',6,B-CHP
19,????,7,B-pSCHP
19,?',8,B-SCHP
19,),10,O
19,"????""?",1,B-AUT
19,????,10,O
19,??,10,O
19,??,10,O
19,"??""?",1,B-AUT
19,????,10,O
19,?????,10,O
19,???,10,O
19,[SEP],10,O
19,,10,O
20,[CLS],10,O
20,????,1,B-AUT
20,?????,1.1,I-AUT
20,???,10,O
20,???,10,O
20,????,10,O
20,??????,10,O
20,????,1,B-AUT
20,[SEP],10,O
20,,10,O
21,[CLS],10,O
21,?,10,O
21,),10,O
21,??,10,O
21,????,10,O
21,????,10,O
21,"????""?",1,B-AUT
21,???,5,B-pCHP
21,"?""?",6,B-CHP
21,??????,3,B-pSEC
21,??????,4,B-SEC
21,????,4.1,I-SEC
21,?????,10,O
21,????,10,O
21,??,10,O
21,##?,10,O
21,##?,10,O
21,????,10,O
21,???,10,O
21,????,10,O
21,???,10,O
21,??,10,O
21,????,10,O
21,??,10,O
21,?????,10,O
21,[SEP],10,O
21,,10,O
22,[CLS],10,O
22,??,10,O
22,????,10,O
22,??,10,O
22,????,10,O
22,?????,10,O
22,????,10,O
22,"????""?",1,B-AUT
22,?????,10,O
22,???,10,O
22,????,10,O
22,????,10,O
22,????,10,O
22,????,10,O
22,????,10,O
22,?????,10,O
22,???,10,O
22,##??,10,O
22,????,10,O
22,[SEP],10,O
22,,10,O
23,[CLS],10,O
23,"?????""?",1,B-AUT
23,???,10,O
23,???,3,B-pSEC
23,????,4,B-SEC
23,????,10,O
23,???,10,O
23,????,10,O
23,?????,10,O
23,##??,10,O
23,???,10,O
23,##??,10,O
23,[SEP],10,O
23,,10,O
24,[CLS],10,O
24,??,10,O
24,??,10,O
24,??????,10,O
24,????,10,O
24,????,10,O
24,"??""?",1,B-AUT
24,??,10,O
24,##???,10,O
24,##?,10,O
24,"???""?",1,B-AUT
24,????,10,O
24,?????,10,O
24,???,10,O
24,??,10,O
24,??,10,O
24,???,10,O
24,##?,10,O
24,????,10,O
24,????,10,O
24,??????,10,O
24,???,10,O
24,????,10,O
24,??????,10,O
24,???????,10,O
24,????,10,O
24,????,10,O
24,??,10,O
24,[SEP],10,O
24,,10,O
25,[CLS],10,O
25,?,10,O
25,),10,O
25,??,10,O
25,?????,10,O
25,????,1,B-AUT
25,"##""?",10,O
25,?????,10,O
25,??,10,O
25,???,10,O
25,???,10,O
25,???,10,O
25,##??,10,O
25,????,10,O
25,??,10,O
25,?????,10,O
25,????,10,O
25,??,10,O
25,##??,10,O
25,?????,10,O
25,?????,10,O
25,????,1,B-AUT
25,"##""?",10,O
25,"?????""?",1,B-AUT
25,[SEP],10,O
25,,10,O
26,[CLS],10,O
26,"????""?",1,B-AUT
26,????,10,O
26,????,1,B-AUT
26,##??,10,O
26,?????,10,O
26,##?,10,O
26,??????,10,O
26,????,10,O
26,##??,10,O
26,????,10,O
26,??,10,O
26,??????,10,O
26,????,10,O
26,??,10,O
26,##???,10,O
26,???,10,O
26,##??,10,O
26,?????,10,O
26,???,10,O
26,##?,10,O
26,"??""?",10,O
26,[SEP],10,O
26,,10,O
27,[CLS],10,O
27,??,10,O
27,),10,O
27,???,10,O
27,?????,10,O
27,?????,10,O
27,????,10,O
27,"????""?",1,B-AUT
27,????,10,O
27,????,10,O
27,?????,10,O
27,????,10,O
27,????,10,O
27,????,10,O
27,??????,10,O
27,???,10,O
27,[SEP],10,O
27,,10,O
28,[CLS],10,O
28,??,10,O
28,????,10,O
28,?????,10,O
28,???,10,O
28,??,10,O
28,???,10,O
28,??,10,O
28,##??,10,O
28,???,2,B-BOK
28,##??,10,O
28,???,3,B-pSEC
28,??,4,B-SEC
28,???,4.1,I-SEC
28,##??,10,O
28,???,10,O
28,????,10,O
28,????,10,O
28,??????,10,O
28,????,10,O
28,????,10,O
28,??,10,O
28,????,10,O
28,?????,10,O
28,????,10,O
28,[SEP],10,O
28,,10,O
29,[CLS],10,O
29,????,10,O
29,???,10,O
29,??,10,O
29,????,10,O
29,????,10,O
29,"????""?",1,B-AUT
29,???,10,O
29,????,10,O
29,##?,10,O
29,???,10,O
29,???,10,O
29,????,10,O
29,[SEP],10,O
29,,10,O
30,[CLS],10,O
30,????,10,O
30,?????,10,O
30,??,10,O
30,##???,10,O
30,?????,2,B-BOK
30,??,10,O
30,??,10,O
30,##???,10,O
30,##?,10,O
30,???,10,O
30,##???,10,O
30,???,10,O
30,##??,10,O
30,????,10,O
30,?????,10,O
30,[SEP],10,O
30,,10,O
31,[CLS],10,O
31,????,10,O
31,##??,10,O
31,##?,10,O
31,??,2,B-BOK
31,##?????,10,O
31,???,10,O
31,##???,10,O
31,##?,10,O
31,[SEP],10,O
31,,10,O
32,[CLS],10,O
32,???,10,O
32,????,10,O
32,????,10,O
32,????,10,O
32,??,10,O
32,???,10,O
32,?????,10,O
32,?????,10,O
32,???,10,O
32,????,10,O
32,???,10,O
32,?????,10,O
32,?????,10,O
32,?????,10,O
32,?????,10,O
32,????,10,O
32,##?,10,O
32,??,10,O
32,##???,10,O
32,?????,10,O
32,?????,10,O
32,?????,10,O
32,?????,10,O
32,[SEP],10,O
32,,10,O
33,[CLS],10,O
33,"??""?",2,B-BOK
33,????,2.1,I-BOK
33,???,2.1,I-BOK
33,???,3,B-pSEC
33,???,4,B-SEC
33,????,4.1,I-SEC
33,????,5,B-pCHP
33,??,6,B-CHP
33,???,10,O
33,??????,10,O
33,???,10,O
33,????,10,O
33,???,10,O
33,???,10,O
33,??????,10,O
33,????,10,O
33,"##""?",10,O
33,[SEP],10,O
33,,10,O
34,[CLS],10,O
34,????,10,O
34,???,1,B-AUT
34,"##""?",10,O
34,????,5,B-pCHP
34,??,6,B-CHP
34,"##""?",10,O
34,[SEP],10,O
34,,10,O
35,[CLS],10,O
35,?????,2,B-BOK
35,?????,2.1,I-BOK
35,??,10,O
35,??,10,O
35,????,10,O
35,????,10,O
35,##?,10,O
35,????,10,O
35,[SEP],10,O
35,,10,O
36,[CLS],10,O
36,?,10,O
36,),10,O
36,????,10,O
36,??,10,O
36,????,10,O
36,##??,10,O
36,??,10,O
36,"??""?",1,B-AUT
36,????,10,O
36,????,10,O
36,???,10,O
36,???,10,O
36,???,10,O
36,???,10,O
36,##??,10,O
36,?????,10,O
36,?????,10,O
36,????,10,O
36,????,10,O
36,??????,10,O
36,[SEP],10,O
36,,10,O
37,[CLS],10,O
37,?,10,O
37,),10,O
37,??,10,O
37,?????,10,O
37,????,10,O
37,"????""?",1,B-AUT
37,???,10,O
37,?????,10,O
37,????,10,O
37,???,10,O
37,??,10,O
37,????,10,O
37,????,10,O
37,????,10,O
37,????,10,O
37,??????,10,O
37,"??""?",1,B-AUT
37,??,10,O
37,??,10,O
37,??????,1,B-AUT
37,???????,4,B-SEC
37,(,10,O
37,"?""?",6,B-CHP
37,),10,O
37,"???""?",1,B-AUT
37,?????,4,B-SEC
37,??,10,O
37,[SEP],10,O
37,,10,O
38,[CLS],10,O
38,??,10,O
38,???,10,O
38,????,10,O
38,???,10,O
38,???,1,B-AUT
38,##???,10,O
38,##?,10,O
38,??????,4,B-SEC
38,(,10,O
38,"?""?",6,B-CHP
38,????,7,B-pSCHP
38,?',8,B-SCHP
38,),10,O
38,??,10,O
38,##??,10,O
38,????,10,O
38,????,10,O
38,????,10,O
38,##???,10,O
38,???,10,O
38,##??,10,O
38,??,10,O
38,##??,10,O
38,??????,10,O
38,???,10,O
38,???,10,O
38,##?,10,O
38,##??,10,O
38,?????,10,O
38,???,10,O
38,?????,10,O
38,?????,10,O
38,???,10,O
38,##????,10,O
38,???,10,O
38,??,10,O
38,??,10,O
38,??,10,O
38,???,10,O
38,???,10,O
38,????,10,O
38,??,10,O
38,##???,10,O
38,??,10,O
38,[SEP],10,O
38,,10,O
39,[CLS],10,O
39,????,10,O
39,???,10,O
39,?????,10,O
39,"????""?",1,B-AUT
39,?????,10,O
39,???,10,O
39,?????,10,O
39,[SEP],10,O
39,,10,O
40,[CLS],10,O
40,???,10,O
40,??,10,O
40,????,10,O
40,???,10,O
40,?????,10,O
40,?????,10,O
40,##?,10,O
40,???,10,O
40,??????,10,O
40,???,1,B-AUT
40,##?,10,O
40,"##""?",10,O
40,????,5,B-pCHP
40,??,6,B-CHP
40,"##""?",10,O
40,????,2,B-BOK
40,?????,2.1,I-BOK
40,???,10,O
40,????,1,B-AUT
40,"##""?",10,O
40,????,10,O
40,?????,10,O
40,??,10,O
40,????,10,O
40,???,10,O
40,????,10,O
40,????,10,O
40,??,10,O
40,???,10,O
40,##??,10,O
40,##??,10,O
40,?????,10,O
40,???,10,O
40,????,10,O
40,?????,10,O
40,????,10,O
40,????,10,O
40,???,10,O
40,????,10,O
40,##??,10,O
40,????,10,O
40,?????,10,O
40,????,10,O
40,???,10,O
40,???,10,O
40,???????,10,O
40,???,10,O
40,?????,10,O
40,[SEP],10,O
40,,10,O
41,[CLS],10,O
41,????,10,O
41,???,10,O
41,?????,10,O
41,???,10,O
41,##??,10,O
41,##??,10,O
41,??,10,O
41,?????,10,O
41,????,10,O
41,????,10,O
41,????,10,O
41,??,10,O
41,????,10,O
41,"##""?",10,O
41,??,10,O
41,???????,10,O
41,??????,1,B-AUT
41,?????,4,B-SEC
41,??,10,O
41,??????,1,B-AUT
41,??????,4,B-SEC
41,[SEP],10,O
41,,10,O
42,[CLS],10,O
42,????,10,O
42,???,1,B-AUT
42,"##??""?",10,O
42,?????,1,B-AUT
42,##??,10,O
42,????,1.1,I-AUT
42,??,10,O
42,????,10,O
42,?????,10,O
42,???,10,O
42,???,10,O
42,???,10,O
42,##???,10,O
42,[SEP],10,O
42,,10,O
43,[CLS],10,O
43,?,10,O
43,),10,O
43,????,10,O
43,?????,10,O
43,???,10,O
43,??,10,O
43,??,10,O
43,##??,10,O
43,##??,10,O
43,????,10,O
43,???,10,O
43,????,10,O
43,"???""?",1,B-AUT
43,???,10,O
43,?????,10,O
43,##?,10,O
43,?????,10,O
43,???,10,O
43,[SEP],10,O
43,,10,O
44,[CLS],10,O
44,????,10,O
44,##?,10,O
44,???,10,O
44,"????""?",1,B-AUT
44,????,10,O
44,????,10,O
44,??????,10,O
44,???,10,O
44,##?,10,O
44,????,10,O
44,??,10,O
44,##???,10,O
44,??????,10,O
44,???,10,O
44,????,10,O
44,???,10,O
44,??,10,O
44,???,10,O
44,??,10,O
44,??????,10,O
44,??,10,O
44,????,10,O
44,????,10,O
44,??,10,O
44,??,10,O
44,????,10,O
44,?????,10,O
44,[SEP],10,O
44,,10,O
45,[CLS],10,O
45,??,10,O
45,???,10,O
45,"??""?",1,B-AUT
45,???????,1,B-AUT
45,????,4,B-SEC
45,(,10,O
45,???,5,B-pCHP
45,?',6,B-CHP
45,????,7,B-pSCHP
45,?',8,B-SCHP
45,),10,O
45,?????,10,O
45,?????,10,O
45,##??,10,O
45,????,10,O
45,???,10,O
45,????,10,O
45,??,10,O
45,???,10,O
45,?????,10,O
45,??????,10,O
45,##?,10,O
45,????,10,O
45,??,10,O
45,[SEP],10,O
45,,10,O
46,[CLS],10,O
46,????,10,O
46,????,10,O
46,???,10,O
46,??,1,B-AUT
46,"##??""?",10,O
46,??????,10,O
46,##?,10,O
46,????,10,O
46,???,10,O
46,???,10,O
46,##??,10,O
46,??,10,O
46,????,10,O
46,??,10,O
46,"???""?",10,O
46,[SEP],10,O
46,,10,O
47,[CLS],10,O
47,???,10,O
47,##??,10,O
47,??,10,O
47,???,10,O
47,???,10,O
47,??,10,O
47,"???""?",1,B-AUT
47,[SEP],10,O
47,,10,O
48,[CLS],10,O
48,???,1,B-AUT
48,"##""?",10,O
48,????,10,O
48,[SEP],10,O
48,,10,O
49,[CLS],10,O
49,???,10,O
49,????,10,O
49,???????,10,O
49,??,10,O
49,??????,10,O
49,????,10,O
49,???,10,O
49,????,10,O
49,??????,10,O
49,????,10,O
49,?????,10,O
49,???,10,O
49,????,10,O
49,????,2,B-BOK
49,##??,10,O
49,???,2.1,I-BOK
49,##????,10,O
49,???,10,O
49,"???""?",1,B-AUT
49,[SEP],10,O
49,,10,O
50,[CLS],10,O
50,??,10,O
50,?????,10,O
50,???,10,O
50,##?,10,O
50,??????,10,O
50,???,10,O
50,??????,10,O
50,[SEP],10,O
50,,10,O
51,[CLS],10,O
51,??????,10,O
51,???,10,O
51,##???,10,O
51,??,10,O
51,?????,10,O
51,???,10,O
51,????,10,O
51,????,10,O
51,????,10,O
51,##??,10,O
51,??,1,B-AUT
51,"##??""?",10,O
51,[SEP],10,O
51,,10,O
52,[CLS],10,O
52,????,10,O
52,"???""?",1,B-AUT
52,????,5,B-pCHP
52,"?""?",6,B-CHP
52,????,10,O
52,???,10,O
52,???,1,B-AUT
52,"##""?",10,O
52,???,10,O
52,????,10,O
52,???,10,O
52,????,10,O
52,##?,10,O
52,???,10,O
52,##??,10,O
52,???,10,O
52,?????,10,O
52,????,10,O
52,???????,10,O
52,?????,10,O
52,[SEP],10,O
52,,10,O
53,[CLS],10,O
53,???,10,O
53,??,10,O
53,???,10,O
53,???,10,O
53,????,10,O
53,??,10,O
53,##?,10,O
53,????,10,O
53,??,10,O
53,##???,10,O
53,?????,10,O
53,????,10,O
53,????,10,O
53,?????,2,B-BOK
53,(,10,O
53,"?""?",6,B-CHP
53,????,7,B-pSCHP
53,?',8,B-SCHP
53,),10,O
53,???,10,O
53,##????,10,O
53,??????,10,O
53,???,10,O
53,##??,10,O
53,???,10,O
53,???,10,O
53,????,10,O
53,##?,10,O
53,????,10,O
53,?????,10,O
53,???,10,O
53,##??,10,O
53,????,10,O
53,??,10,O
53,???,10,O
53,##?,10,O
53,?',10,O
53,?????,10,O
53,????,10,O
53,##????,10,O
53,[SEP],10,O
53,,10,O
54,[CLS],10,O
54,??,10,O
54,????,10,O
54,??,10,O
54,???,10,O
54,##??,10,O
54,??,10,O
54,##??,10,O
54,##??,10,O
54,??,10,O
54,???,1,B-AUT
54,##?,10,O
54,"##""?",10,O
54,???,10,O
54,##??,10,O
54,?????,10,O
54,???,10,O
54,??,10,O
54,##???,10,O
54,[SEP],10,O
54,,10,O
55,[CLS],10,O
55,??,10,O
55,),10,O
55,???,10,O
55,??,10,O
55,???,1,B-AUT
55,"##""?",10,O
55,????,5,B-pCHP
55,??,6,B-CHP
55,"##""?",10,O
55,???,10,O
55,??,10,O
55,??,10,O
55,????,10,O
55,[SEP],10,O
55,,10,O
56,[CLS],10,O
56,????,10,O
56,???,10,O
56,##??,10,O
56,##?,10,O
56,??,10,O
56,##??,10,O
56,##??,10,O
56,?????,10,O
56,???,10,O
56,"????""?",1,B-AUT
56,????,10,O
56,##??,10,O
56,?????,10,O
56,???,10,O
56,?????,10,O
56,##?,10,O
56,???,10,O
56,???,10,O
56,##??,10,O
56,???,10,O
56,????,10,O
56,???,10,O
56,?????,10,O
56,???,10,O
56,????,10,O
56,?????,10,O
56,????,10,O
56,[SEP],10,O
56,,10,O
57,[CLS],10,O
57,?????,10,O
57,"??""?",1,B-AUT
57,??????,10,O
57,?????,10,O
57,???,10,O
57,????,10,O
57,????,10,O
57,???,10,O
57,???,10,O
57,?????,10,O
57,???,10,O
57,??,10,O
57,[SEP],10,O
57,,10,O
58,[CLS],10,O
58,????,10,O
58,????,10,O
58,???,10,O
58,????,10,O
58,???,10,O
58,##??,10,O
58,????,10,O
58,??????,10,O
58,##?,10,O
58,???,10,O
58,????,10,O
58,???,10,O
58,##??,10,O
58,???,10,O
58,##?,10,O
58,"??""?",10,O
58,????,10,O
58,##???,10,O
58,????,10,O
58,??,10,O
58,??,10,O
58,?????,10,O
58,???,10,O
58,??,10,O
58,??,10,O
58,??,10,O
58,????,10,O
58,????,10,O
58,????,10,O
58,??,10,O
58,##???,10,O
58,##??,10,O
58,???,10,O
58,????,10,O
58,##?,10,O
58,????,10,O
58,?????,10,O
58,"????""?",1,B-AUT
58,[SEP],10,O
58,,10,O
59,[CLS],10,O
59,???,10,O
59,????,10,O
59,"??""?",2,B-BOK
59,????,4,B-SEC
59,(,10,O
59,?,6,B-CHP
59,),10,O
59,????,10,O
59,????,10,O
59,????,10,O
59,????,10,O
59,???,10,O
59,?????,10,O
59,????,10,O
59,??,10,O
59,??,10,O
59,????,10,O
59,????,10,O
59,???,10,O
59,??,10,O
59,??,10,O
59,???,10,O
59,????,10,O
59,[SEP],10,O
59,,10,O
60,[CLS],10,O
60,?,10,O
60,),10,O
60,????,10,O
60,##?,10,O
60,???,10,O
60,##??,10,O
60,?????,10,O
60,??,10,O
60,?????,10,O
60,??,10,O
60,??,10,O
60,?????,10,O
60,??,10,O
60,##?,10,O
60,##??,10,O
60,???,1,B-AUT
60,"##""?",10,O
60,??,10,O
60,##?,10,O
60,???,10,O
60,????,10,O
60,????,10,O
60,##??,10,O
60,???,10,O
60,????,10,O
60,##???,10,O
60,??,10,O
60,???,10,O
60,[SEP],10,O
60,,10,O
61,[CLS],10,O
61,???,10,O
61,????,10,O
61,??????,10,O
61,"??""?",1,B-AUT
61,????,5,B-pCHP
61,"?""?",6,B-CHP
61,?????,10,O
61,??????,10,O
61,??????,10,O
61,[SEP],10,O
61,,10,O
62,[CLS],10,O
62,??????,10,O
62,???,10,O
62,???,5,B-pCHP
62,??,6,B-CHP
62,???,6.1,I-CHP
62,?????,10,O
62,????,10,O
62,??????,10,O
62,????,10,O
62,##??,10,O
62,[SEP],10,O
62,,10,O
63,[CLS],10,O
63,????,10,O
63,?????,10,O
63,????,10,O
63,??????,10,O
63,????,10,O
63,???,10,O
63,##???,10,O
63,???,10,O
63,????,10,O
63,???,10,O
63,??????,10,O
63,????,10,O
63,##??,10,O
63,??,10,O
63,???,2,B-BOK
63,????,2.1,I-BOK
63,?????,10,O
63,?????,10,O
63,???,10,O
63,???,10,O
63,??,10,O
63,???,10,O
63,##????,10,O
63,???,10,O
63,[SEP],10,O
63,,10,O
64,[CLS],10,O
64,????,10,O
64,?????,10,O
64,???,1,B-AUT
64,"##""?",10,O
64,????,5,B-pCHP
64,"?""?",6,B-CHP
64,????,7,B-pSCHP
64,?',8,B-SCHP
64,??????,10,O
64,??,10,O
64,???,10,O
64,???,10,O
64,???,10,O
64,??,10,O
64,???,10,O
64,???,10,O
64,????,10,O
64,???,10,O
64,???,10,O
64,???,10,O
64,##????,10,O
64,???,10,O
64,??????,10,O
64,????,10,O
64,???,10,O
64,[SEP],10,O
64,,10,O
65,[CLS],10,O
65,???,10,O
65,##????,10,O
65,???,10,O
65,????,10,O
65,???,10,O
65,##?,10,O
65,???,10,O
65,????,10,O
65,????,10,O
65,##?,10,O
65,??,10,O
65,##???,10,O
65,##?,10,O
65,?????,10,O
65,??,10,O
65,???,10,O
65,????,10,O
65,????,10,O
65,##???,10,O
65,??,10,O
65,????,10,O
65,##??,10,O
65,?????????,10,O
65,???,10,O
65,????,10,O
65,??????,1,B-AUT
65,(,10,O
65,??,5,B-pCHP
65,?',6,B-CHP
65,????,7,B-pSCHP
65,?',8,B-SCHP
65,),10,O
65,???,10,O
65,"##""?",10,O
65,??????,10,O
65,[SEP],10,O
65,,10,O
66,[CLS],10,O
66,???,10,O
66,??,2,B-BOK
66,##?????,10,O
66,(,10,O
66,"?""?",6,B-CHP
66,????,7,B-pSCHP
66,?',8,B-SCHP
66,),10,O
66,???,10,O
66,##??,10,O
66,????,10,O
66,????,10,O
66,??????,10,O
66,???,10,O
66,????,10,O
66,????,10,O
66,???,10,O
66,???,10,O
66,##???,10,O
66,???,10,O
66,????,10,O
66,???,10,O
66,????,10,O
66,##?,10,O
66,????,10,O
66,##?,10,O
66,????,10,O
66,##?,10,O
66,##???,10,O
66,?????,10,O
66,????,10,O
66,[SEP],10,O
66,,10,O
67,[CLS],10,O
67,?,10,O
67,),10,O
67,?????,10,O
67,??????,10,O
67,"????""?",1,B-AUT
67,???????,10,O
67,???,1,B-AUT
67,##?,10,O
67,"##""?",10,O
67,????,5,B-pCHP
67,?,6,B-CHP
67,"##""?",10,O
67,???,10,O
67,??,10,O
67,???,10,O
67,????,10,O
67,????,10,O
67,????,10,O
67,##?,10,O
67,??,10,O
67,???,10,O
67,?????,10,O
67,?????,10,O
67,[SEP],10,O
67,,10,O
68,[CLS],10,O
68,???,10,O
68,??,10,O
68,????,10,O
68,##???,10,O
68,????,10,O
68,?????,10,O
68,??,10,O
68,?????,10,O
68,????,10,O
68,##?,10,O
68,[SEP],10,O
68,,10,O
69,[CLS],10,O
69,?????,10,O
69,?????,2,B-BOK
69,(,10,O
69,???,5,B-pCHP
69,?',6,B-CHP
69,????,7,B-pSCHP
69,?',8,B-SCHP
69,),10,O
69,??,10,O
69,?????,10,O
69,???,10,O
69,?????,10,O
69,????,10,O
69,???,10,O
69,????,10,O
69,?????,10,O
69,???,10,O
69,?????,10,O
69,????,10,O
69,????,10,O
69,??????,10,O
69,??,10,O
69,??,10,O
69,???,10,O
69,????,10,O
69,????,10,O
69,???,10,O
69,?????,10,O
69,??????,10,O
69,?????,10,O
69,[SEP],10,O
69,,10,O
70,[CLS],10,O
70,??,10,O
70,?????,10,O
70,???????,10,O
70,????,10,O
70,???,10,O
70,??????,10,O
70,??????,10,O
70,????,10,O
70,????,10,O
70,???,10,O
70,?????,10,O
70,???,10,O
70,??,10,O
70,##??,10,O
70,???,10,O
70,##????,10,O
70,???,10,O
70,????,10,O
70,???,10,O
70,[SEP],10,O
70,,10,O
71,[CLS],10,O
71,??,10,O
71,?????,10,O
71,???,10,O
71,????,10,O
71,????,10,O
71,##?,10,O
71,???,10,O
71,????,10,O
71,"????""?",1,B-AUT
71,?????,2,B-BOK
71,???,10,O
71,?????,10,O
71,????,10,O
71,????,10,O
71,??,10,O
71,???,10,O
71,[SEP],10,O
71,,10,O
72,[CLS],10,O
72,???,10,O
72,????,10,O
72,??,10,O
72,???,10,O
72,????,10,O
72,"???""?",1,B-AUT
72,?????,1.1,I-AUT
72,????,10,O
72,?????,10,O
72,??,10,O
72,??????,10,O
72,???,10,O
72,???,10,O
72,##??,10,O
72,[SEP],10,O
72,,10,O
73,[CLS],10,O
73,?,10,O
73,),10,O
73,??,10,O
73,???,10,O
73,????,10,O
73,??,10,O
73,????,10,O
73,???,10,O
73,##????,10,O
73,??,10,O
73,????,10,O
73,??????,10,O
73,##?,10,O
73,???,10,O
73,????,10,O
73,????,10,O
73,"??""?",1,B-AUT
73,[SEP],10,O
73,,10,O
74,[CLS],10,O
74,??????,10,O
74,????,10,O
74,????,10,O
74,???,10,O
74,??,10,O
74,##???,10,O
74,?????,10,O
74,???,10,O
74,?????,10,O
74,[SEP],10,O
74,,10,O
75,[CLS],10,O
75,???????,10,O
75,?????,10,O
75,??,10,O
75,?????,10,O
75,????,10,O
75,???,10,O
75,?????,10,O
75,?????,10,O
75,????,10,O
75,?????,10,O
75,???,1,B-AUT
75,"##""?",10,O
75,??,10,O
75,??,10,O
75,???,10,O
75,???,10,O
75,##??,10,O
75,????,10,O
75,???,10,O
75,????,10,O
75,???,10,O
75,##??,10,O
75,???,10,O
75,##???,10,O
75,???,10,O
75,??????,10,O
75,???,10,O
75,"??""?",10,O
75,[SEP],10,O
75,,10,O
76,[CLS],10,O
76,??,10,O
76,##?,10,O
76,????,10,O
76,??????,2,B-BOK
76,(,10,O
76,???,5,B-CHP
76,?????,5.1,I-CHP
76,??????,5.1,I-CHP
76,),10,O
76,???,10,O
76,##?,10,O
76,????,10,O
76,????,10,O
76,?????,10,O
76,????,10,O
76,??,10,O
76,????,10,O
76,??,10,O
76,',10,O
76,????,10,O
76,????,10,O
76,???,10,O
76,??????,10,O
76,???,10,O
76,??????,10,O
76,???,10,O
76,##?,10,O
76,[SEP],10,O
76,,10,O
77,[CLS],10,O
77,??,10,O
77,???,10,O
77,????,10,O
77,????,1,B-AUT
77,????,1.1,I-AUT
77,?????,10,O
77,???,10,O
77,?????,10,O
77,???,10,O
77,##??,10,O
77,???,10,O
77,##????,10,O
77,?????,10,O
77,??,10,O
77,##???,10,O
77,??,10,O
77,???,10,O
77,?????,10,O
77,[SEP],10,O
77,,10,O
78,[CLS],10,O
78,???,10,O
78,"##""?",10,O
78,????,10,O
78,?????,10,O
78,????,2,B-BOK
78,????,10,O
78,???,10,O
78,????,2,B-BOK
78,???,10,O
78,????,10,O
78,??,10,O
78,[SEP],10,O
78,,10,O
79,[CLS],10,O
79,?,10,O
79,),10,O
79,??,10,O
79,????,10,O
79,?????,10,O
79,????,10,O
79,??????,1,B-AUT
79,???,1,B-AUT
79,"##""?",10,O
79,????,10,O
79,?????,10,O
79,?????,10,O
79,???,10,O
79,##??,10,O
79,???,10,O
79,????,10,O
79,?????,10,O
79,[SEP],10,O
79,,10,O
80,[CLS],10,O
80,?,10,O
80,),10,O
80,????,10,O
80,????,10,O
80,?????,10,O
80,??,1,B-AUT
80,"##""?",10,O
80,???,1,B-AUT
80,##?,10,O
80,"##""?",10,O
80,???,10,O
80,##???,10,O
80,????,10,O
80,???,10,O
80,???,10,O
80,?????,10,O
80,[SEP],10,O
80,,10,O
81,[CLS],10,O
81,???,10,O
81,???,10,O
81,"??""?",1,B-AUT
81,??,10,O
81,[SEP],10,O
81,,10,O
82,[CLS],10,O
82,????,10,O
82,"??""?",1,B-AUT
82,??,10,O
82,##???,10,O
82,##?,10,O
82,???,10,O
82,??,10,O
82,##???,10,O
82,?????,10,O
82,????,10,O
82,????,10,O
82,?????,10,O
82,???,10,O
82,???,10,O
82,##???,10,O
82,??????,10,O
82,????,10,O
82,????,10,O
82,???,10,O
82,????,10,O
82,?????,10,O
82,????,10,O
82,???,10,O
82,##???,10,O
82,???,10,O
82,##??,10,O
82,??,10,O
82,????,10,O
82,##??,10,O
82,??,10,O
82,?????,10,O
82,?????,10,O
82,[SEP],10,O
82,,10,O
83,[CLS],10,O
83,????,10,O
83,???,10,O
83,##??,10,O
83,???,10,O
83,??????,10,O
83,?????,10,O
83,????,10,O
83,???,10,O
83,????,10,O
83,[SEP],10,O
83,,10,O
84,[CLS],10,O
84,?????,10,O
84,??????,10,O
84,??????,10,O
84,"???""?",1,B-AUT
84,????,5,B-pCHP
84,?,6,B-CHP
84,"##""?",10,O
84,????,7,B-pSCHP
84,?',8,B-SCHP
84,??????,10,O
84,?????,10,O
84,?????,10,O
84,?????,10,O
84,????,10,O
84,???,10,O
84,??,10,O
84,???,10,O
84,"???""?",1,B-AUT
84,???,10,O
84,##???,10,O
84,??????,10,O
84,?????,10,O
84,??????,10,O
84,???,10,O
84,?????,10,O
84,???,10,O
84,??,10,O
84,"???""?",1,B-AUT
84,????,10,O
84,##?,10,O
84,???,10,O
84,???,10,O
84,?????,10,O
84,??,10,O
84,???????,10,O
84,???,10,O
84,##??,10,O
84,[SEP],10,O
84,,10,O
85,[CLS],10,O
85,?????,10,O
85,???,1,B-AUT
85,?????,1.1,I-AUT
85,????,10,O
85,???,1,B-AUT
85,"##??""?",10,O
85,?????,10,O
85,##?,10,O
85,????,5,B-pCHP
85,?',6,B-CHP
85,??????,3,B-pSEC
85,???????,4,B-SEC
85,???,10,O
85,????,10,O
85,??,10,O
85,????,10,O
85,??????,10,O
85,??,10,O
85,?????,10,O
85,???,10,O
85,??????,10,O
85,????,10,O
85,##???,10,O
85,????,10,O
85,??,10,O
85,??,10,O
85,##???,10,O
85,##?,10,O
85,??????,10,O
85,???,10,O
85,##????,10,O
85,?????,10,O
85,[SEP],10,O
85,,10,O
86,[CLS],10,O
86,???,10,O
86,???,10,O
86,"??""?",1,B-AUT
86,???,2,B-BOK
86,???,2.1,I-BOK
86,(,10,O
86,???,6,B-CHP
86,??????,6.1,I-CHP
86,???,6.1,I-CHP
86,????,7,B-pSCHP
86,?',8,B-SCHP
86,),10,O
86,"??""?",10,O
86,?????,10,O
86,???,10,O
86,[SEP],10,O
86,,10,O
87,[CLS],10,O
87,???,10,O
87,???,10,O
87,##??,10,O
87,??,10,O
87,????,10,O
87,##??,10,O
87,??,10,O
87,"????""?",1,B-AUT
87,???,10,O
87,"???""?",10,O
87,[SEP],10,O
87,,10,O
88,[CLS],10,O
88,"??""?",10,O
88,????,2,B-BOK
88,???,2.1,I-BOK
88,???,3,B-pSEC
88,???,4,B-SEC
88,????,4.1,I-SEC
88,????,5,B-pCHP
88,??,6,B-CHP
88,?,8,B-SCHP
88,),10,O
88,"??""?",10,O
88,?????,2,B-BOK
88,(,10,O
88,"?""?",6,B-CHP
88,????,7,B-pSCHP
88,?',8,B-SCHP
88,),10,O
88,?????,2,B-BOK
88,????,10,O
88,????,10,O
88,????,10,O
88,??????,10,O
88,???,10,O
88,????,10,O
88,?????,10,O
88,??,10,O
88,??,10,O
88,????,10,O
88,????,10,O
88,##?,10,O
88,????,10,O
88,??,10,O
88,??,10,O
88,????,10,O
88,???,10,O
88,???,10,O
88,????,10,O
88,??????,10,O
88,??,10,O
88,???,10,O
88,????,10,O
88,???',10,O
88,???,10,O
88,???,10,O
88,????,10,O
88,??,10,O
88,??,10,O
88,?????,10,O
88,??,10,O
88,??,10,O
88,???,10,O
88,##???,10,O
88,???,10,O
88,????,10,O
88,##???,10,O
88,[SEP],10,O
88,,10,O
89,[CLS],10,O
89,"???""?",1,B-AUT
89,??,10,O
89,????,10,O
89,???,10,O
89,##?,10,O
89,????,10,O
89,??,10,O
89,##???,10,O
89,##?,10,O
89,???,10,O
89,??,10,O
89,##??,10,O
89,##????,10,O
89,?????,10,O
89,?????,10,O
89,##??,10,O
89,??,10,O
89,"##""?",10,O
89,???,10,O
89,???,10,O
89,##?,10,O
89,????,10,O
89,????,10,O
89,[SEP],10,O
89,,10,O
90,[CLS],10,O
90,??,10,O
90,?????,10,O
90,????,1,B-AUT
90,##???,10,O
90,##?,10,O
90,???,1.1,I-AUT
90,???,1.1,I-AUT
90,???,10,O
90,??????,2,B-BOK
90,??,10,O
90,????,10,O
90,??,10,O
90,##???,10,O
90,????,10,O
90,??????,10,O
90,???,10,O
90,???,10,O
90,????,10,O
90,[SEP],10,O
90,,10,O
91,[CLS],10,O
91,????,10,O
91,?????,10,O
91,????,2,B-BOK
91,????,2.1,I-BOK
91,????,10,O
91,????,1,B-AUT
91,"##""?",10,O
91,"?????""?",1,B-AUT
91,??,10,O
91,?????,10,O
91,???,10,O
91,??,10,O
91,[SEP],10,O
91,,10,O
92,[CLS],10,O
92,???,10,O
92,?????,10,O
92,??,10,O
92,???,1,B-AUT
92,"##""?",10,O
92,??????,2,B-BOK
92,???,10,O
92,???,1,B-AUT
92,"##""?",10,O
92,[SEP],10,O
92,,10,O
93,[CLS],10,O
93,????,10,O
93,##??,10,O
93,???,2,B-BOK
93,##??,10,O
93,????,10,O
93,?????,10,O
93,?????,10,O
93,????,10,O
93,????,10,O
93,##?,10,O
93,?????,10,O
93,???,10,O
93,##???,10,O
93,?????,10,O
93,?????,10,O
93,??,10,O
93,[SEP],10,O
93,,10,O
94,[CLS],10,O
94,????,10,O
94,????,10,O
94,?????,10,O
94,??????,10,O
94,?????,10,O
94,??,10,O
94,??,10,O
94,??,10,O
94,???,10,O
94,[SEP],10,O
94,,10,O
95,[CLS],10,O
95,?????,10,O
95,##??,10,O
95,????,10,O
95,????,10,O
95,?????,10,O
95,?????,10,O
95,???,5,B-pCHP
95,????,6,B-CHP
95,????,6.1,I-CHP
95,##?,10,O
95,???,10,O
95,##??,10,O
95,??,10,O
95,##???,10,O
95,????,10,O
95,????,10,O
95,??????,10,O
95,???,10,O
95,??????,10,O
95,??,10,O
95,##???,10,O
95,??,10,O
95,?????,2,B-BOK
95,"???""?",1.1,I-AUT
95,[SEP],10,O
95,,10,O
96,[CLS],10,O
96,???,10,O
96,????????,2,B-BOK
96,(,10,O
96,??,6,B-CHP
96,????,7,B-pSCHP
96,?',8,B-SCHP
96,??,6,B-CHP
96,????,7,B-pSCHP
96,?',8,B-SCHP
96,),10,O
96,??,10,O
96,##??????,10,O
96,????,10,O
96,?????,10,O
96,????,10,O
96,????,1,B-AUT
96,##???,10,O
96,##?,10,O
96,??,10,O
96,????,10,O
96,???,10,O
96,##???,10,O
96,????,10,O
96,[SEP],10,O
96,,10,O
97,[CLS],10,O
97,??????,10,O
97,??????,10,O
97,?????,10,O
97,????,10,O
97,????,10,O
97,???,10,O
97,????,10,O
97,????,10,O
97,???,10,O
97,"????""?",1,B-AUT
97,???,5,B-pCHP
97,?????,6,B-CHP
97,???,10,O
97,##??,10,O
97,????,10,O
97,???,10,O
97,##?,10,O
97,[SEP],10,O
97,,10,O
98,[CLS],10,O
98,???,10,O
98,????,10,O
98,???,1,B-AUT
98,##?,10,O
98,"##""?",10,O
98,???,10,O
98,##?,10,O
98,##???,10,O
98,???,10,O
98,???,10,O
98,?????,10,O
98,????,10,O
98,????,10,O
98,"?""?",10,O
98,?????,10,O
98,##?,10,O
98,???,10,O
98,???,10,O
98,?????,10,O
98,??,10,O
98,????,10,O
98,?????,10,O
98,??,10,O
98,??,10,O
98,???,10,O
98,?????,10,O
98,????,10,O
98,????,10,O
98,??,10,O
98,[SEP],10,O
98,,10,O
99,[CLS],10,O
99,"?????""?",1,B-AUT
99,???,5,B-pCHP
99,"?""?",6,B-CHP
99,??????,3,B-pSEC
99,???????,4,B-SEC
99,???,10,O
99,???,10,O
99,##?,10,O
99,##??,10,O
99,????,10,O
99,[SEP],10,O
99,,10,O
100,[CLS],10,O
100,?,10,O
100,),10,O
100,?????,10,O
100,????,10,O
100,????,10,O
100,?????,10,O
100,????,10,O
100,?????,10,O
100,????,10,O
100,??,10,O
100,????,10,O
100,"?????""?",1,B-AUT
100,???,5,B-pCHP
100,?????,6,B-CHP
100,?????,6.1,I-CHP
100,???,10,O
100,?????,10,O
100,??????,10,O
100,????,10,O
100,???,10,O
100,????,10,O
100,???,10,O
100,?????,10,O
100,???,10,O
100,????,10,O
100,????,10,O
100,?????,10,O
100,[SEP],10,O
100,,10,O
101,[CLS],10,O
101,???,10,O
101,????,10,O
101,"??""?",1,B-AUT
101,??????,10,O
101,?????,10,O
101,[SEP],10,O
101,,10,O
102,[CLS],10,O
102,??,10,O
102,??,10,O
102,????,10,O
102,???,10,O
102,??,10,O
102,????,10,O
102,????,1,B-AUT
102,"##""?",10,O
102,?????,4,B-SEC
102,(,10,O
102,???,5,B-pCHP
102,?',6,B-CHP
102,????,7,B-pSCHP
102,?',8,B-SCHP
102,),10,O
102,???,10,O
102,##??,10,O
102,????,10,O
102,?????,10,O
102,????,10,O
102,????,10,O
102,?????,10,O
102,##?,10,O
102,????,10,O
102,##?,10,O
102,????,10,O
102,???,10,O
102,???,10,O
102,##?,10,O
102,[SEP],10,O
102,,10,O
103,[CLS],10,O
103,???,1,B-AUT
103,"##??""?",10,O
103,??,10,O
103,????,10,O
103,???,10,O
103,[SEP],10,O
103,,10,O
104,[CLS],10,O
104,?,10,O
104,),10,O
104,???,10,O
104,?????,10,O
104,????,10,O
104,???,10,O
104,???,2,B-BOK
104,##???,10,O
104,(,10,O
104,?,6,B-CHP
104,????,7,B-pSCHP
104,?',8,B-SCHP
104,),10,O
104,???,10,O
104,?????,10,O
104,???,10,O
104,##?,10,O
104,?????,10,O
104,??,10,O
104,????,10,O
104,?????,10,O
104,##?,10,O
104,????,10,O
104,##??,10,O
104,??,10,O
104,????,10,O
104,???,10,O
104,?????,10,O
104,??,10,O
104,???,10,O
104,[SEP],10,O
104,,10,O
105,[CLS],10,O
105,?,10,O
105,),10,O
105,?????,10,O
105,???,10,O
105,"##""?",10,O
105,?????,10,O
105,##?,10,O
105,??,10,O
105,##???,10,O
105,##?,10,O
105,???,10,O
105,????,2,B-BOK
105,(,10,O
105,???,6,B-CHP
105,??????,6.1,I-CHP
105,??????,6.1,I-CHP
105,????,7,B-pSCHP
105,?',8,B-SCHP
105,),10,O
105,??,10,O
105,##?,10,O
105,##??,10,O
105,??,10,O
105,##?,10,O
105,???,10,O
105,????,10,O
105,????,10,O
105,??,10,O
105,????,10,O
105,????,10,O
105,???,10,O
105,##????,10,O
105,##?,10,O
105,????,10,O
105,?????,10,O
105,##?,10,O
105,?????,10,O
105,[SEP],10,O
105,,10,O
106,[CLS],10,O
106,?,10,O
106,),10,O
106,??????,10,O
106,???,10,O
106,??????,10,O
106,????????,2,B-BOK
106,(,10,O
106,"?""?",6,B-CHP
106,),10,O
106,???,10,O
106,##?,10,O
106,???,10,O
106,????,10,O
106,????,10,O
106,??,10,O
106,##???,10,O
106,??,10,O
106,???????,1,B-AUT
106,[SEP],10,O
106,,10,O
107,[CLS],10,O
107,????,10,O
107,??,10,O
107,??????,10,O
107,????,10,O
107,????,10,O
107,??????,10,O
107,"??""?",1,B-AUT
107,????,4,B-SEC
107,????,10,O
107,???,10,O
107,##????,10,O
107,##?,10,O
107,[SEP],10,O
107,,10,O
108,[CLS],10,O
108,????,10,O
108,??????,10,O
108,??,10,O
108,????,10,O
108,????,10,O
108,????,10,O
108,##????,10,O
108,?????,10,O
108,????,10,O
108,??,10,O
108,?????,10,O
108,?????,10,O
108,???,10,O
108,##??,10,O
108,??,10,O
108,?????,10,O
108,[SEP],10,O
108,,10,O
109,[CLS],10,O
109,????,10,O
109,???????,1,B-AUT
109,????,4,B-SEC
109,(,10,O
109,??????,5,B-CHP
109,????,5.1,I-CHP
109,),10,O
109,"??""?",10,O
109,????,10,O
109,??????,10,O
109,???,10,O
109,##???,10,O
109,???,10,O
109,??????,10,O
109,???,10,O
109,[SEP],10,O
109,,10,O
110,[CLS],10,O
110,??????,10,O
110,??,1,B-AUT
110,"##???""?",10,O
110,[SEP],10,O
110,,10,O
111,[CLS],10,O
111,???,10,O
111,???,10,O
111,???,5,B-pCHP
111,?',6,B-CHP
111,???,2,B-BOK
111,##???,10,O
111,??,10,O
111,????,10,O
111,????,10,O
111,???,10,O
111,????,10,O
111,??,10,O
111,????,10,O
111,?????,10,O
111,?????,10,O
111,????,10,O
111,##?,10,O
111,???,10,O
111,[SEP],10,O
111,,10,O
112,[CLS],10,O
112,????,10,O
112,???,10,O
112,"????""?",1,B-AUT
112,???,10,O
112,[SEP],10,O
112,,10,O
113,[CLS],10,O
113,???,10,O
113,??,10,O
113,?????,10,O
113,?????,10,O
113,"???""?",1,B-AUT
113,??,2,B-BOK
113,##???,10,O
113,##?,10,O
113,??????,10,O
113,???,10,O
113,##??,10,O
113,???,10,O
113,##???,10,O
113,????,10,O
113,##?,10,O
113,??,10,O
113,##??,10,O
113,???,10,O
113,????,10,O
113,##?,10,O
113,??,10,O
113,',10,O
113,????,10,O
113,##?,10,O
113,??,10,O
113,##???,10,O
113,??,10,O
113,##??,10,O
113,##?,10,O
113,??????,10,O
113,##?,10,O
113,[SEP],10,O
113,,10,O
114,[CLS],10,O
114,?,10,O
114,),10,O
114,????,10,O
114,???,10,O
114,##???,10,O
114,"???""?",1,B-AUT
114,??,10,O
114,"##""?",10,O
114,????,1,B-AUT
114,?????,1.1,I-AUT
114,[SEP],10,O
114,,10,O
115,[CLS],10,O
115,"??""?",10,O
115,????,2,B-BOK
115,???,2.1,I-BOK
115,???,3,B-pSEC
115,???,4,B-SEC
115,????,4.1,I-SEC
115,????,5,B-pCHP
115,???,6,B-CHP
115,?,8,B-SCHP
115,[SEP],10,O
115,,10,O
116,[CLS],10,O
116,?????,2,B-BOK
116,(,10,O
116,???,6,B-CHP
116,??????,6.1,I-CHP
116,???,6.1,I-CHP
116,????,7,B-pSCHP
116,?',8,B-SCHP
116,),10,O
116,??????,10,O
116,"??""?",1,B-AUT
116,?????,10,O
116,??????,10,O
116,????,10,O
116,???,10,O
116,??,10,O
116,??,10,O
116,????,10,O
116,????,10,O
116,????,10,O
116,????,10,O
116,???,10,O
116,????,10,O
116,????,10,O
116,??,10,O
116,??,10,O
116,????,10,O
116,?????,10,O
116,????,10,O
116,"??""?",10,O
116,[SEP],10,O
116,,10,O
117,[CLS],10,O
117,?,10,O
117,),10,O
117,???,10,O
117,??,10,O
117,????,10,O
117,"??""?",1,B-AUT
117,??,10,O
117,##??,10,O
117,##???,10,O
117,??,10,O
117,##???,10,O
117,????,10,O
117,????,10,O
117,????,10,O
117,[SEP],10,O
117,,10,O
118,[CLS],10,O
118,???,10,O
118,##?,10,O
118,???,10,O
118,????,10,O
118,?????,10,O
118,???,10,O
118,????,10,O
118,????,10,O
118,??????,10,O
118,???,10,O
118,##????,10,O
118,?????,10,O
118,?????,10,O
118,??,10,O
118,[SEP],10,O
118,,10,O
119,[CLS],10,O
119,???,10,O
119,##?,10,O
119,"##""?",10,O
119,????,10,O
119,????,10,O
119,??????,10,O
119,"????""?",1,B-AUT
119,????,10,O
119,???,10,O
119,##????,10,O
119,????,2,B-BOK
119,##???,10,O
119,????,2.1,I-BOK
119,????,10,O
119,??,1,B-AUT
119,"##??""?",10,O
119,[SEP],10,O
119,,10,O
120,[CLS],10,O
120,??????,10,O
120,##?,10,O
120,????,10,O
120,??,10,O
120,##??,10,O
120,??,10,O
120,??,10,O
120,??,10,O
120,???,10,O
120,?????,10,O
120,##?,10,O
120,[SEP],10,O
120,,10,O
121,[CLS],10,O
121,????,10,O
121,????,1,B-AUT
121,????,1.1,I-AUT
121,?????,5,B-pCHP
121,"?""?",6,B-CHP
121,???,10,O
121,?????,2,B-BOK
121,"????""?",2.1,I-BOK
121,?????,10,O
121,??,10,O
121,##???,10,O
121,##??,10,O
121,???,10,O
121,???,10,O
121,##?,10,O
121,[SEP],10,O
121,,10,O
122,[CLS],10,O
122,???,10,O
122,?????,10,O
122,?,2,B-BOK
122,"##???""?",10,O
122,??,2.1,I-BOK
122,?????,2.1,I-BOK
122,????,3,B-pSEC
122,??????,3.1,I-pSEC
122,?????,10,O
122,??,10,O
122,???,10,O
122,##?,10,O
122,?????,10,O
122,##??,10,O
122,??,10,O
122,##??????,10,O
122,??,10,O
122,???,10,O
122,##?,10,O
122,?????,10,O
122,???,10,O
122,?????,10,O
122,???,10,O
122,???,10,O
122,?????,10,O
122,?????,10,O
122,????,10,O
122,[SEP],10,O
122,,10,O
123,[CLS],10,O
123,??,10,O
123,),10,O
123,????,10,O
123,???,10,O
123,?????,10,O
123,???,10,O
123,?????,10,O
123,???,10,O
123,?????,10,O
123,##??,10,O
123,???,10,O
123,????,10,O
123,???,10,O
123,???,10,O
123,##??,10,O
123,???,10,O
123,????,10,O
123,##?,10,O
123,???,10,O
123,???,10,O
123,????,10,O
123,?????,10,O
123,????,10,O
123,???,10,O
123,????,10,O
123,?????,10,O
123,??????,10,O
123,????,10,O
123,##??,10,O
123,???,10,O
123,???,10,O
123,"##""?",10,O
123,????,10,O
123,???,10,O
123,?????,10,O
123,[SEP],10,O
123,,10,O
124,[CLS],10,O
124,????,10,O
124,???,10,O
124,??,10,O
124,?????,10,O
124,???,10,O
124,???,10,O
124,???,10,O
124,?????,10,O
124,"????""?",1,B-AUT
124,???,10,O
124,##??,10,O
124,????,10,O
124,???,10,O
124,[SEP],10,O
124,,10,O
125,[CLS],10,O
125,?????,10,O
125,????,2,B-BOK
125,????,2.1,I-BOK
125,????,5,B-pCHP
125,"?""?",6,B-CHP
125,???,10,O
125,"????""?",1,B-AUT
125,?????,10,O
125,????,10,O
125,?????,10,O
125,???,10,O
125,???,10,O
125,???,10,O
125,???,10,O
125,???,10,O
125,???????,10,O
125,????,10,O
125,??,10,O
125,???,10,O
125,[SEP],10,O
125,,10,O
126,[CLS],10,O
126,??,10,O
126,??,10,O
126,?????,10,O
126,??,10,O
126,???,10,O
126,??,10,O
126,???,10,O
126,??,10,O
126,???,10,O
126,????,10,O
126,??????,10,O
126,??,10,O
126,????,10,O
126,##??,10,O
126,???,10,O
126,?????,10,O
126,?????,10,O
126,???,10,O
126,[SEP],10,O
126,,10,O
127,[CLS],10,O
127,??,10,O
127,??,10,O
127,??,10,O
127,????,10,O
127,??,1,B-AUT
127,???,1.1,I-AUT
127,???????,2,B-BOK
127,(,10,O
127,??,10,O
127,),10,O
127,???,10,O
127,?????,10,O
127,?????,10,O
127,?????,10,O
127,??,10,O
127,##??,10,O
127,????,10,O
127,???,10,O
127,##???,10,O
127,??,10,O
127,?????,10,O
127,???,10,O
127,??????,10,O
127,??,10,O
127,???,10,O
127,????,10,O
127,????,10,O
127,[SEP],10,O
127,,10,O
128,[CLS],10,O
128,???,10,O
128,??,10,O
128,?????,10,O
128,"??""?",1,B-AUT
128,???,10,O
128,##??,10,O
128,??????,10,O
128,??????,10,O
128,##?,10,O
128,??,10,O
128,????,10,O
128,????,10,O
128,???,10,O
128,##??,10,O
128,??,10,O
128,????,10,O
128,????,10,O
128,???,10,O
128,????,10,O
128,???,10,O
128,##??,10,O
128,????,10,O
128,?????,10,O
128,???,10,O
128,##??????,10,O
128,???,10,O
128,##??,10,O
128,[SEP],10,O
128,,10,O
129,[CLS],10,O
129,??,1,B-AUT
129,##??????,10,O
129,??????,4,B-SEC
129,(,10,O
129,??,10,O
129,???,10,O
129,????,10,O
129,?',10,O
129,),10,O
129,?????,10,O
129,????,10,O
129,????,10,O
129,????,10,O
129,???,10,O
129,????,10,O
129,##?,10,O
129,??,10,O
129,????,10,O
129,[SEP],10,O
129,,10,O
130,[CLS],10,O
130,???,10,O
130,???,10,O
130,?,2,B-BOK
130,##????,10,O
130,?????,2.1,I-BOK
130,??,10,O
130,##????,10,O
130,????,10,O
130,????,10,O
130,##??,10,O
130,???,10,O
130,"????""?",1,B-AUT
130,??????,1,B-AUT
130,????,1.1,I-AUT
130,??,10,O
130,##??,10,O
130,???,10,O
130,??????,10,O
130,[SEP],10,O
130,,10,O
131,[CLS],10,O
131,?,1,B-AUT
131,##??????,10,O
131,"????""?",1,B-AUT
131,[SEP],10,O
131,,10,O
132,[CLS],10,O
132,?????,10,O
132,?????,10,O
132,##??,10,O
132,?????,10,O
132,???,10,O
132,????,10,O
132,??,10,O
132,?????,10,O
132,???,10,O
132,????,10,O
132,????,10,O
132,???,10,O
132,"???""?",10,O
132,[SEP],10,O
132,,10,O
133,[CLS],10,O
133,???,10,O
133,????,1,B-AUT
133,???,1.1,I-AUT
133,???,5,B-pCHP
133,?,6,B-CHP
133,?????,4,B-SEC
133,????,7,B-pSCHP
133,"?""?",8,B-SCHP
133,???,10,O
133,##????,10,O
133,???,10,O
133,???,10,O
133,???,10,O
133,##??,10,O
133,???,10,O
133,??????,10,O
133,??,10,O
133,??,10,O
133,???,10,O
133,???,10,O
133,[SEP],10,O
133,,10,O
134,[CLS],10,O
134,????,10,O
134,?????,2,B-BOK
134,?????,2.1,I-BOK
134,????,10,O
134,???,10,O
134,???,10,O
134,????,10,O
134,?????,10,O
134,???,10,O
134,???,10,O
134,????,10,O
134,?????,10,O
134,???,10,O
134,?????,10,O
134,?????,10,O
134,##?,10,O
134,???,10,O
134,???,10,O
134,??,10,O
134,????,10,O
134,???,10,O
134,???,10,O
134,##?,10,O
134,##???,10,O
134,????,10,O
134,????,10,O
134,??,10,O
134,?????,10,O
134,?????,10,O
134,[SEP],10,O
134,,10,O
135,[CLS],10,O
135,???,10,O
135,??,10,O
135,????,10,O
135,???,10,O
135,"???""?",1,B-AUT
135,??,10,O
135,##??,10,O
135,???,10,O
135,##?,10,O
135,???,10,O
135,##???,10,O
135,????,10,O
135,?????,10,O
135,????,10,O
135,[SEP],10,O
135,,10,O
136,[CLS],10,O
136,??,10,O
136,????,10,O
136,????,10,O
136,??,10,O
136,??,10,O
136,??,10,O
136,????,10,O
136,"???""?",1,B-AUT
136,???????,2,B-BOK
136,???,5,B-pCHP
136,???,6,B-CHP
136,?,4,B-SEC
136,##?????,10,O
136,???,10,O
136,??,10,O
136,##???,10,O
136,???,10,O
136,???,10,O
136,???,10,O
136,????,10,O
136,?????,10,O
136,???,10,O
136,?????,10,O
136,[SEP],10,O
136,,10,O
137,[CLS],10,O
137,???,10,O
137,??????,10,O
137,?????,10,O
137,?????,2,B-BOK
137,??,10,O
137,##??,10,O
137,##??,10,O
137,??,10,O
137,???,10,O
137,?????,10,O
137,##?,10,O
137,???,10,O
137,##?,10,O
137,????,10,O
137,??????,10,O
137,??????,10,O
137,[SEP],10,O
137,,10,O
138,[CLS],10,O
138,???,10,O
138,???,10,O
138,?,1,B-AUT
138,"##??""?",10,O
138,???,10,O
138,????,5,B-pCHP
138,"?""?",6,B-CHP
138,[SEP],10,O
138,,10,O
139,[CLS],10,O
139,???,10,O
139,##?,10,O
139,???,10,O
139,##???,10,O
139,???????,2,B-BOK
139,??,2,B-BOK
139,##??????,10,O
139,"??""?",2.1,I-BOK
139,??,10,O
139,##??,10,O
139,???,10,O
139,????,10,O
139,##?,10,O
139,?????,10,O
139,???,10,O
139,??,10,O
139,?????,10,O
139,?????,10,O
139,???,10,O
139,??????,10,O
139,[SEP],10,O
139,,10,O
140,[CLS],10,O
140,??,10,O
140,????,10,O
140,???,10,O
140,????,10,O
140,##?,10,O
140,???,10,O
140,???,10,O
140,?????,10,O
140,????,10,O
140,????????,10,O
140,??,10,O
140,????,10,O
140,?????,10,O
140,?????,2,B-BOK
140,??,10,O
140,????,10,O
140,???,10,O
140,##???,10,O
140,??,10,O
140,"????""?",1,B-AUT
140,????,10,O
140,##??,10,O
140,?????,10,O
140,????,10,O
140,????????,10,O
140,[SEP],10,O
140,,10,O
141,[CLS],10,O
141,???,10,O
141,???,2,B-BOK
141,##??,10,O
141,?????,2.1,I-BOK
141,(,10,O
141,?',6,B-CHP
141,),10,O
141,?????,10,O
141,##?,10,O
141,?????,10,O
141,??????,10,O
141,??????,10,O
141,????,10,O
141,##??,10,O
141,????,10,O
141,?????,10,O
141,?????,10,O
141,?????,10,O
141,[SEP],10,O
141,,10,O
142,[CLS],10,O
142,??????,10,O
142,???,10,O
142,?????,10,O
142,???,10,O
142,????,10,O
142,???,10,O
142,??????,10,O
142,?????,10,O
142,???,10,O
142,??????,10,O
142,????,10,O
142,??,10,O
142,[SEP],10,O
142,,10,O
143,[CLS],10,O
143,???,10,O
143,?????,10,O
143,??,10,O
143,"????""?",1,B-AUT
143,???,5,B-pCHP
143,?',6,B-CHP
143,????,7,B-pSCHP
143,"?""?",8,B-SCHP
143,???,10,O
143,????,10,O
143,????,10,O
143,????,10,O
143,[SEP],10,O
143,,10,O
144,[CLS],10,O
144,??,1,B-AUT
144,"##???""?",10,O
144,??????,10,O
144,??????,2,B-BOK
144,???,10,O
144,???,10,O
144,???,10,O
144,?????,10,O
144,?????,10,O
144,????,10,O
144,##?,10,O
144,????,10,O
144,????,10,O
144,[SEP],10,O
144,,10,O
145,[CLS],10,O
145,?????,10,O
145,????,10,O
145,?????,1,B-AUT
145,????,1.1,I-AUT
145,????,10,O
145,????,10,O
145,???,10,O
145,????,10,O
145,????,10,O
145,?????,10,O
145,??,10,O
145,????,10,O
145,??,10,O
145,???,10,O
145,##?,10,O
145,????,10,O
145,????,10,O
145,##?,10,O
145,????,10,O
145,??,10,O
145,????,10,O
145,?????,10,O
145,?????,10,O
145,[SEP],10,O
145,,10,O
146,[CLS],10,O
146,?????,10,O
146,##?,10,O
146,??????,10,O
146,????,10,O
146,????,10,O
146,?????,10,O
146,???????,1,B-AUT
146,?????,2,B-BOK
146,(,10,O
146,???,10,O
146,??????,10,O
146,???,10,O
146,????,10,O
146,?',10,O
146,),10,O
146,?????,10,O
146,??????,10,O
146,???,10,O
146,????,10,O
146,[SEP],10,O
146,,10,O
147,[CLS],10,O
147,??,10,O
147,??????,10,O
147,??????,10,O
147,"?""?",1,B-AUT
147,?????,10,O
147,???,10,O
147,[SEP],10,O
147,,10,O
148,[CLS],10,O
148,????,10,O
148,???,10,O
148,????,10,O
148,????,1,B-AUT
148,????,1.1,I-AUT
148,?????,10,O
148,????,10,O
148,?????,10,O
148,????,10,O
148,???,10,O
148,##???,10,O
148,???,10,O
148,????,10,O
148,??,10,O
148,??,10,O
148,????,10,O
148,???,10,O
148,????,10,O
148,??????,10,O
148,[SEP],10,O
148,,10,O
149,[CLS],10,O
149,?,10,O
149,),10,O
149,(,10,O
149,????,10,O
149,),10,O
149,??,10,O
149,##?,10,O
149,##?,10,O
149,"??""?",1,B-AUT
149,?????,10,O
149,?????,10,O
149,##??,10,O
149,"??""?",2,B-BOK
149,??,10,O
149,(,10,O
149,"?""?",6,B-CHP
149,????,7,B-pSCHP
149,?',8,B-SCHP
149,),10,O
149,????,10,O
149,##?,10,O
149,???,10,O
149,??,10,O
149,##??,10,O
149,##?,10,O
149,???,10,O
149,##???,10,O
149,????,10,O
149,?????????,10,O
149,????,10,O
149,##?,10,O
149,????,10,O
149,????,10,O
149,?????,10,O
149,??,10,O
149,??????,10,O
149,[SEP],10,O
149,,10,O
150,[CLS],10,O
150,????,10,O
150,??,10,O
150,???,10,O
150,##????,10,O
150,????,10,O
150,??????,10,O
150,??,10,O
150,???,10,O
150,?????,10,O
150,??,10,O
150,???,10,O
150,##?,10,O
150,????,10,O
150,"??""?",1,B-AUT
150,?????,10,O
150,?????,10,O
150,?????,10,O
150,[SEP],10,O
150,,10,O
151,[CLS],10,O
151,??,10,O
151,##???,10,O
151,##?,10,O
151,???,2,B-BOK
151,???,2.1,I-BOK
151,(,10,O
151,?????,6,B-CHP
151,?????,6.1,I-CHP
151,????,7,B-pSCHP
151,?',8,B-SCHP
151,),10,O
151,??,10,O
151,##???,10,O
151,[SEP],10,O
151,,10,O
152,[CLS],10,O
152,?????,10,O
152,???,10,O
152,##???,10,O
152,##?,10,O
152,????,2,B-BOK
152,???,2.1,I-BOK
152,???,10,O
152,??,10,O
152,##???,10,O
152,##?,10,O
152,????,10,O
152,?????,10,O
152,##?,10,O
152,????,10,O
152,????,10,O
152,??,10,O
152,?????,10,O
152,??,10,O
152,??,10,O
152,???,10,O
152,????,10,O
152,?????,10,O
152,??????,10,O
152,??,10,O
152,[SEP],10,O
152,,10,O
153,[CLS],10,O
153,?,10,O
153,),10,O
153,???,10,O
153,?????,10,O
153,????,2,B-BOK
153,(,10,O
153,"?""?",6,B-CHP
153,????,7,B-pSCHP
153,?',8,B-SCHP
153,),10,O
153,???,10,O
153,##?,10,O
153,???,10,O
153,????,10,O
153,##?,10,O
153,????,10,O
153,???,10,O
153,????,10,O
153,##??,10,O
153,??,10,O
153,????,10,O
153,???,10,O
153,##??,10,O
153,??,10,O
153,????,10,O
153,????,10,O
153,????,10,O
153,????,10,O
153,##?,10,O
153,????,10,O
153,?????,10,O
153,???,10,O
153,???,10,O
153,##???,10,O
153,???,10,O
153,??,10,O
153,???,10,O
153,[SEP],10,O
153,,10,O
154,[CLS],10,O
154,??,10,O
154,),10,O
154,??,10,O
154,????,10,O
154,??????,10,O
154,???,10,O
154,??,10,O
154,##?,10,O
154,##?,10,O
154,"??""?",1,B-AUT
154,?????,10,O
154,????,10,O
154,##?,10,O
154,"???""?",1,B-AUT
154,??,10,O
154,"????""?",1,B-AUT
154,??,10,O
154,##??,10,O
154,???,10,O
154,????,1,B-AUT
154,????,1.1,I-AUT
154,????,10,O
154,????,10,O
154,???,10,O
154,##??,10,O
154,??,10,O
154,???,10,O
154,##??,10,O
154,##?,10,O
154,?????,10,O
154,???,10,O
154,##??,10,O
154,???,10,O
154,???,10,O
154,???,10,O
154,???,10,O
154,????,10,O
154,[SEP],10,O
154,,10,O
155,[CLS],10,O
155,??,10,O
155,????,10,O
155,????,10,O
155,???,10,O
155,?,2,B-BOK
155,##?????,10,O
155,(,3,B-pSEC
155,"?""?",6,B-CHP
155,????,7,B-pSCHP
155,?',8,B-SCHP
155,),10,O
155,??,10,O
155,##?,10,O
155,##??,10,O
155,???,10,O
155,##???,10,O
155,????,10,O
155,##??,10,O
155,##?,10,O
155,???,10,O
155,???,10,O
155,##???,10,O
155,??,10,O
155,##???,10,O
155,[SEP],10,O
155,,10,O
156,[CLS],10,O
156,????,10,O
156,"??""?",1,B-AUT
156,??,10,O
156,##???,10,O
156,##?,10,O
156,??,10,O
156,##?,10,O
156,"##""?",10,O
156,??,10,O
156,????,10,O
156,????,10,O
156,????,10,O
156,??,10,O
156,???,10,O
156,????,10,O
156,??,10,O
156,???,10,O
156,????,10,O
156,???,10,O
156,##??,10,O
156,????,10,O
156,????,10,O
156,##?,10,O
156,[SEP],10,O
156,,10,O
157,[CLS],10,O
157,??????,10,O
157,?????,10,O
157,????,10,O
157,???,10,O
157,????????,10,O
157,???,10,O
157,???,10,O
157,??,10,O
157,??,10,O
157,????,10,O
157,[SEP],10,O
157,,10,O
158,[CLS],10,O
158,?,10,O
158,),10,O
158,???,10,O
158,????,10,O
158,????,2,B-BOK
158,##?,10,O
158,?????,2.1,I-BOK
158,??????,10,O
158,???????,10,O
158,[SEP],10,O
158,,10,O
159,[CLS],10,O
159,????,10,O
159,???,10,O
159,??,10,O
159,??????,10,O
159,??,10,O
159,##?????,10,O
159,[SEP],10,O
159,,10,O
160,[CLS],10,O
160,?,10,O
160,),10,O
160,????,10,O
160,???,10,O
160,???,10,O
160,"????""?",1,B-AUT
160,?????,10,O
160,??????,2,B-BOK
160,????,2.1,I-BOK
160,????,10,O
160,##?,10,O
160,??,10,O
160,???,10,O
160,???,10,O
160,##?,10,O
160,?????,10,O
160,?????,10,O
160,????,10,O
160,##??,10,O
160,???,10,O
160,???,10,O
160,##?,10,O
160,?????,10,O
160,?????,10,O
160,??,10,O
160,????,10,O
160,##?,10,O
160,?????,10,O
160,???,10,O
160,???,10,O
160,??????,10,O
160,[SEP],10,O
160,,10,O
161,[CLS],10,O
161,????,10,O
161,"?""",2,B-BOK
161,##?,10,O
161,????,5,B-pCHP
161,"?""?",5.1,I-pCHP
161,[SEP],10,O
161,,10,O
162,[CLS],10,O
162,?????,10,O
162,"?""?",1,B-AUT
162,?????,2,B-BOK
162,(,10,O
162,?',6,B-CHP
162,????,7,B-pSCHP
162,?',8,B-SCHP
162,),10,O
162,??,10,O
162,?????,10,O
162,???,10,O
162,???,10,O
162,##???,10,O
162,????,10,O
162,##?,10,O
162,????,10,O
162,?????,10,O
162,????,10,O
162,????,10,O
162,?????,10,O
162,????,10,O
162,[SEP],10,O
162,,10,O
163,[CLS],10,O
163,????,10,O
163,##??,10,O
163,??????,10,O
163,????,10,O
163,##??,10,O
163,???,10,O
163,????,10,O
163,??,10,O
163,???,10,O
163,??,10,O
163,?????,10,O
163,##??,10,O
163,????,10,O
163,??,10,O
163,????,10,O
163,##??,10,O
163,????,10,O
163,?????,10,O
163,????,10,O
163,?????,10,O
163,????,10,O
163,[SEP],10,O
163,,10,O
164,[CLS],10,O
164,??,2,B-BOK
164,##??????,10,O
164,(,10,O
164,"?""?",6,B-CHP
164,????,7,B-pSCHP
164,?',8,B-SCHP
164,),10,O
164,??,10,O
164,##???,10,O
164,????,10,O
164,##?,10,O
164,???,10,O
164,???,10,O
164,???,10,O
164,?????,10,O
164,??,10,O
164,??,10,O
164,##??,10,O
164,##??,10,O
164,????,10,O
164,?????,10,O
164,?????,10,O
164,?????,10,O
164,[SEP],10,O
164,,10,O
165,[CLS],10,O
165,????,10,O
165,"?""",2,B-BOK
165,##?,10,O
165,????,5,B-pCHP
165,??,6,B-CHP
165,"##""?",10,O
165,[SEP],10,O
165,,10,O
166,[CLS],10,O
166,???,10,O
166,##???,10,O
166,?????,10,O
166,??,10,O
166,???,10,O
166,????,10,O
166,????,10,O
166,?????,10,O
166,???,10,O
166,???,10,O
166,????,10,O
166,??????,10,O
166,???,1,B-AUT
166,"##""?",10,O
166,"??""?",10,O
166,[SEP],10,O
166,,10,O
167,[CLS],10,O
167,????,10,O
167,##??,10,O
167,"???""?",1,B-AUT
167,???,1,B-AUT
167,"##""?",10,O
167,??,10,O
167,##???,10,O
167,?????,10,O
167,?????,10,O
167,?????,10,O
167,????,10,O
167,????,10,O
167,???,10,O
167,???,10,O
167,##??,10,O
167,???,10,O
167,????,10,O
167,????,10,O
167,??,10,O
167,[SEP],10,O
167,,10,O
168,[CLS],10,O
168,???,10,O
168,???,10,O
168,"??""?",2,B-BOK
168,?????,4,B-SEC
168,(,10,O
168,?',6,B-CHP
168,????,7,B-pSCHP
168,?',8,B-SCHP
168,),10,O
168,???,10,O
168,???,10,O
168,????,10,O
168,????,10,O
168,?????,10,O
168,????,10,O
168,??,1,B-AUT
168,##???,10,O
168,????,1.1,I-AUT
168,?????,10,O
168,????,10,O
168,????,1,B-AUT
168,##??,10,O
168,?????,10,O
168,???,10,O
168,[SEP],10,O
168,,10,O
169,[CLS],10,O
169,"?""?",10,O
169,?????,10,O
169,????,10,O
169,??,1,B-AUT
169,"##""?",10,O
169,????,4,B-SEC
169,????,1,B-AUT
169,##?,10,O
169,"##""?",10,O
169,????,10,O
169,???,1,B-AUT
169,##?,10,O
169,???,1,B-AUT
169,##??,10,O
169,????,1,B-AUT
169,?????,1.1,I-AUT
169,????,5,B-pCHP
169,"?""?",6,B-CHP
169,???,10,O
169,##??,10,O
169,##?,10,O
169,?????,10,O
169,##??,10,O
169,[SEP],10,O
169,,10,O
170,[CLS],10,O
170,???,10,O
170,???,1,B-AUT
170,"##?""?",10,O
170,???,10,O
170,???????,10,O
170,??,10,O
170,??,10,O
170,????,10,O
170,???,10,O
170,??,10,O
170,????,10,O
170,??,10,O
170,???,10,O
170,[SEP],10,O
170,,10,O
171,[CLS],10,O
171,?????,10,O
171,???,10,O
171,???,2,B-BOK
171,##???,10,O
171,(,10,O
171,"?""?",6,B-CHP
171,????,7,B-pSCHP
171,?',8,B-SCHP
171,),10,O
171,????,10,O
171,##??,10,O
171,??????,10,O
171,????,1,B-AUT
171,?????,1.1,I-AUT
171,???,10,O
171,##??,10,O
171,???,10,O
171,##???,10,O
171,????,10,O
171,???,10,O
171,?????,10,O
171,???,10,O
171,##???,10,O
171,????,10,O
171,????,10,O
171,[SEP],10,O
171,,10,O
172,[CLS],10,O
172,????,10,O
172,"??""?",1,B-AUT
172,???,5,B-pCHP
172,???,6,B-CHP
172,??,2,B-BOK
172,##??????,10,O
172,??,10,O
172,##???,10,O
172,????,10,O
172,??,10,O
172,????,10,O
172,##??,10,O
172,##?,10,O
172,[SEP],10,O
172,,10,O
173,[CLS],10,O
173,?????,10,O
173,????,10,O
173,?????,10,O
173,???,10,O
173,???,10,O
173,????,10,O
173,"????""?",1,B-AUT
173,???,5,B-pCHP
173,"?""?",6,B-CHP
173,??????,3,B-pSEC
173,??????,4,B-SEC
173,????,4.1,I-SEC
173,????,7,B-pSCHP
173,?',8,B-SCHP
173,????,10,O
173,##?,10,O
173,??,10,O
173,???,10,O
173,##??,10,O
173,????,10,O
173,??????,10,O
173,[SEP],10,O
173,,10,O
174,[CLS],10,O
174,????,10,O
174,???????,1,B-AUT
174,??????,4,B-SEC
174,(,10,O
174,"?""?",6,B-CHP
174,????,8,B-pSCHP
174,?',10,B-SCHP
174,),10,O
174,????,10,O
174,???,10,O
174,??,10,O
174,##??,10,O
174,##?,10,O
174,???,10,O
174,???,10,O
174,##?,10,O
174,??,10,O
174,???,10,O
174,????,10,O
174,?????,10,O
174,??,10,O
174,?????,10,O
174,???,10,O
174,????,10,O
174,??????,10,O
174,????,10,O
174,???,10,O
174,##??,10,O
174,?????,10,O
174,?????,2,B-BOK
174,????,2.1,I-BOK
174,##??,10,O
174,???,10,O
174,???,1,B-AUT
174,"##""?",10,O
174,????,1,B-AUT
174,##?,10,O
174,"##""?",10,O
174,??,10,O
174,##????,10,O
174,##?,10,O
174,???????,10,O
174,????,10,O
174,##?,10,O
174,?????,10,O
174,??????,10,O
174,???,10,O
174,???,10,O
174,???,10,O
174,????,10,O
174,???,10,O
174,????,10,O
174,????,10,O
174,????,10,O
174,??,10,O
174,[SEP],10,O
174,,10,O
175,[CLS],10,O
175,???,10,O
175,##??,10,O
175,##?,10,O
175,???,10,O
175,?????,10,O
175,?????,10,O
175,????,10,O
175,?????,10,O
175,##?,10,O
175,????,10,O
175,???,10,O
175,????,2,B-BOK
175,?????,2.1,I-BOK
175,??,10,O
175,##??,10,O
175,##???,10,O
175,??,10,O
175,??,10,O
175,????,10,O
175,?????,10,O
175,??,10,O
175,##???,10,O
175,##??,10,O
175,????,10,O
175,???,10,O
175,???,10,O
175,???,10,O
175,##??,10,O
175,??,10,O
175,????,10,O
175,[SEP],10,O
175,,10,O
176,[CLS],10,O
176,??,10,O
176,??,10,O
176,?????,10,O
176,????,10,O
176,???,10,O
176,??????,10,O
176,??????,2,B-BOK
176,(,10,O
176,"?""?",6,B-CHP
176,????,7,B-pSCHP
176,?',8,B-SCHP
176,),10,O
176,??,10,O
176,##???,10,O
176,???,10,O
176,??,10,O
176,##????,10,O
176,##?,10,O
176,???,10,O
176,????,10,O
176,???????,10,O
176,[SEP],10,O
176,,10,O
177,[CLS],10,O
177,?,10,O
177,),10,O
177,????,10,O
177,??,10,O
177,???,10,O
177,????,10,O
177,??????,10,O
177,????,10,O
177,????,10,O
177,???????,1,B-AUT
177,????,10,O
177,????,1,B-AUT
177,"##""?",10,O
177,?????,10,O
177,??????,10,O
177,????,10,O
177,##??,10,O
177,??????,1,B-AUT
177,?????,10,O
177,????????,10,O
177,[SEP],10,O
177,,10,O
178,[CLS],10,O
178,"?""?",10,O
178,????,10,O
178,????,2,B-BOK
178,?????,2.1,I-BOK
178,[SEP],10,O
178,,10,O
179,[CLS],10,O
179,????,10,O
179,????,10,O
179,???,10,O
179,???,10,O
179,????,10,O
179,?????,10,O
179,"???""?",1,B-AUT
179,"??""?",10,O
179,[SEP],10,O
179,,10,O
180,[CLS],10,O
180,?,10,O
180,),10,O
180,??,10,O
180,??,10,O
180,????,10,O
180,????,10,O
180,????,10,O
180,????,10,O
180,????,10,O
180,##???,10,O
180,?????,10,O
180,???,10,O
180,????,10,O
180,"???""?",1,B-AUT
180,???,5,B-pCHP
180,???,8,B-SCHP
180,????,8.1,I-SCHP
180,[SEP],10,O
180,,10,O
181,[CLS],10,O
181,????,10,O
181,???,10,O
181,"??""?",1,B-AUT
181,???,10,O
181,##??,10,O
181,??,10,O
181,???,10,O
181,???,10,O
181,???,10,O
181,??????,10,O
181,?????,10,O
181,?????,10,O
181,?????,10,O
181,????,10,O
181,??????,10,O
181,??????,10,O
181,?????,10,O
181,[SEP],10,O
181,,10,O
182,[CLS],10,O
182,????,10,O
182,???,10,O
182,????,10,O
182,??????,1,B-AUT
182,?????,4,B-SEC
182,(,10,O
182,??,5,B-pCHP
182,"?""?",6,B-CHP
182,),10,O
182,???,10,O
182,??,10,O
182,##??,10,O
182,##???,10,O
182,??,10,O
182,##??,10,O
182,????,10,O
182,##?,10,O
182,????,10,O
182,???,10,O
182,##??,10,O
182,##?,10,O
182,??,10,O
182,',10,O
182,???,10,O
182,??????,10,O
182,??,10,O
182,???,10,O
182,??,10,O
182,##??,10,O
182,????,10,O
182,##?,10,O
182,???,10,O
182,????,10,O
182,?????,10,O
182,?????,10,O
182,[SEP],10,O
182,,10,O
183,[CLS],10,O
183,?,10,O
183,),10,O
183,??,10,O
183,?????,10,O
183,??,10,O
183,"???""?",1,B-AUT
183,???,5,B-pCHP
183,???,6,B-CHP
183,???,4,B-SEC
183,##???,10,O
183,??????,10,O
183,???,10,O
183,????,10,O
183,???,10,O
183,##?,10,O
183,?????,10,O
183,???,10,O
183,?????,10,O
183,??,10,O
183,????,10,O
183,????,10,O
183,???,10,O
183,????,10,O
183,???,10,O
183,???,10,O
183,[SEP],10,O
183,,10,O
184,[CLS],10,O
184,????,10,O
184,##??,10,O
184,??,10,O
184,##??,10,O
184,##???,10,O
184,???,10,O
184,"??""?",1,B-AUT
184,???,10,O
184,?????,10,O
184,???,10,O
184,##??,10,O
184,????,10,O
184,??,10,O
184,???,10,O
184,?????,2,B-BOK
184,??????,2.1,I-BOK
184,????,3,B-pSEC
184,?????,4,B-SEC
184,??????,1,B-AUT
184,?????,1.1,I-AUT
184,????,1,B-AUT
184,??????,1.1,I-AUT
184,???,1,B-AUT
184,##?,10,O
184,"##""?",10,O
184,???????,1,B-AUT
184,???,1.1,I-AUT
184,"##""?",10,O
184,?????,1,B-AUT
184,???,1,B-AUT
184,"##""?",10,O
184,[SEP],10,O
184,,10,O
185,[CLS],10,O
185,???,10,O
185,???,10,O
185,????,10,O
185,???,10,O
185,##???,10,O
185,???????,10,O
185,????,10,O
185,??,10,O
185,?????,10,O
185,?????,10,O
185,???,10,O
185,???,10,O
185,????????,10,O
185,???,10,O
185,??,10,O
185,?????,10,O
185,??,10,O
185,????,10,O
185,??,10,O
185,??????,10,O
185,????,10,O
185,[SEP],10,O
185,,10,O
186,[CLS],10,O
186,?,10,O
186,),10,O
186,??,10,O
186,????,10,O
186,?????,2,B-BOK
186,?????,2.1,I-BOK
186,????,10,O
186,?????,10,O
186,????,10,O
186,????,10,O
186,????,10,O
186,????,10,O
186,????,10,O
186,?????,10,O
186,##??,10,O
186,????,10,O
186,????,10,O
186,????,10,O
186,???,10,O
186,?????,10,O
186,????,10,O
186,????,10,O
186,????,10,O
186,????,10,O
186,[SEP],10,O
186,,10,O
187,[CLS],10,O
187,???,10,O
187,##???,10,O
187,##?,10,O
187,??,10,O
187,"##""?",10,O
187,????,10,O
187,????,10,O
187,????,10,O
187,"??""?",2,B-BOK
187,???,10,O
187,##??,10,O
187,?????,10,O
187,?????,10,O
187,????,10,O
187,????,10,O
187,?????,10,O
187,???,10,O
187,##??,10,O
187,???,10,O
187,????,10,O
187,??????,10,O
187,????,10,O
187,[SEP],10,O
187,,10,O
188,[CLS],10,O
188,?,10,O
188,),10,O
188,???,10,O
188,????,10,O
188,##???,10,O
188,??,10,O
188,????,10,O
188,????,10,O
188,???,2,B-BOK
188,##????,10,O
188,???,2.1,I-BOK
188,??????,10,O
188,???,1,B-AUT
188,##?,10,O
188,"##""?",10,O
188,???,10,O
188,???,10,O
188,##?,10,O
188,????,10,O
188,???,10,O
188,????,10,O
188,?????,10,O
188,??,10,O
188,?????,10,O
188,???,10,O
188,???,10,O
188,[SEP],10,O
188,,10,O
189,[CLS],10,O
189,??????,10,O
189,????,10,O
189,"????""?",1,B-AUT
189,??????,10,O
189,????,10,O
189,?????,10,O
189,????,10,O
189,????,10,O
189,##?,10,O
189,[SEP],10,O
189,,10,O
190,[CLS],10,O
190,??,10,O
190,?????,10,O
190,????,10,O
190,????,10,O
190,?????,10,O
190,?????,10,O
190,???,10,O
190,?????,10,O
190,?????,10,O
190,???,10,O
190,##?,10,O
190,??,10,O
190,????,10,O
190,??,10,O
190,????,10,O
190,???,10,O
190,??????,10,O
190,????,10,O
190,???,10,O
190,[SEP],10,O
190,,10,O
191,[CLS],10,O
191,?,10,O
191,),10,O
191,??,10,O
191,?????,10,O
191,???,1,B-AUT
191,"##""?",10,O
191,?????,10,O
191,??????,10,O
191,"??""?",2,B-BOK
191,?????,10,O
191,?????,10,O
191,?????,10,O
191,???,10,O
191,?????,10,O
191,?????,10,O
191,????,10,O
191,???,10,O
191,##??,10,O
191,##??,10,O
191,???,10,O
191,??,10,O
191,##???,10,O
191,???,10,O
191,???,10,O
191,???,10,O
191,????,2,B-BOK
191,??????,2.1,I-BOK
191,???,10,O
191,????,5,B-pCHP
191,?,6,B-CHP
191,"##""?",10,O
191,????,10,O
191,??,10,O
191,????,10,O
191,[SEP],10,O
191,,10,O
192,[CLS],10,O
192,????,10,O
192,????,10,O
192,????,10,O
192,????,10,O
192,????,1,B-AUT
192,"##""?",10,O
192,???,10,O
192,[SEP],10,O
192,,10,O
193,[CLS],10,O
193,?,10,O
193,),10,O
193,?????,10,O
193,?????,10,O
193,????,1,B-AUT
193,????,1.1,I-AUT
193,??,10,O
193,??,10,O
193,??,10,O
193,?????,10,O
193,##?,10,O
193,???????,10,O
193,????,10,O
193,?????,10,O
193,????,10,O
193,"???""?",1,B-AUT
193,????,10,O
193,##?,10,O
193,?????,10,O
193,?????,10,O
193,?????,10,O
193,????,10,O
193,??,10,O
193,????,10,O
193,??,10,O
193,?????,10,O
193,???,10,O
193,##?,10,O
193,???,10,O
193,???,10,O
193,##??,10,O
193,??,10,O
193,???,10,O
193,??,10,O
193,???,10,O
193,???,10,O
193,##??,10,O
193,????,10,O
193,????,10,O
193,[SEP],10,O
193,,10,O
194,[CLS],10,O
194,????,1,B-AUT
194,"##??""?",10,O
194,?????,10,O
194,????,10,O
194,????,10,O
194,??,10,O
194,???,10,O
194,???,10,O
194,##??,10,O
194,##???,10,O
194,????,10,O
194,????,10,O
194,???,10,O
194,??,10,O
194,##???,10,O
194,??????,10,O
194,##?,10,O
194,???,10,O
194,?????,10,O
194,????,10,O
194,????,10,O
194,##??,10,O
194,???,10,O
194,??,10,O
194,[SEP],10,O
194,,10,O
195,[CLS],10,O
195,?,10,O
195,),10,O
195,??????,10,O
195,????,10,O
195,"???""?",1,B-AUT
195,???,10,O
195,##??,10,O
195,??????,10,O
195,??,10,O
195,?????,10,O
195,????,10,O
195,??,10,O
195,????,10,O
195,?????,10,O
195,????,10,O
195,??????,2,B-BOK
195,##?,10,O
195,???,5,B-pCHP
195,?',5.1,I-pCHP
195,???,10,O
195,???,10,O
195,???,10,O
195,?????,10,O
195,???,10,O
195,????,10,O
195,??,10,O
195,????,10,O
195,?????,10,O
195,????,10,O
195,????,10,O
195,##??,10,O
195,???,10,O
195,##??,10,O
195,????,10,O
195,??,10,O
195,??????,10,O
195,????,10,O
195,[SEP],10,O
195,,10,O
196,[CLS],10,O
196,???,10,O
196,"?????""?",1,B-AUT
196,????,10,O
196,???,10,O
196,##?,10,O
196,??,10,O
196,???,10,O
196,????,10,O
196,????,10,O
196,????,10,O
196,??,10,O
196,?????,10,O
196,????,10,O
196,????,10,O
196,????,2,B-BOK
196,?????,2.1,I-BOK
196,##?,10,O
196,?????,10,O
196,???,10,O
196,"""",10,O
196,????,10,O
196,"""",10,O
196,??????,10,O
196,????,10,O
196,????,10,O
196,???????,10,O
196,?????,10,O
196,???,10,O
196,???,10,O
196,???,1,B-AUT
196,"##""?",10,O
196,[SEP],10,O
196,,10,O
197,[CLS],10,O
197,????,10,O
197,??,10,O
197,??,10,O
197,???,10,O
197,##???,10,O
197,?????,10,O
197,????,10,O
197,???,10,O
197,???????,10,O
197,?????,10,O
197,????,10,O
197,????,10,O
197,??????,2,B-BOK
197,##?,10,O
197,????,2.1,I-BOK
197,???,4,B-SEC
197,???,4.1,I-SEC
197,???,5,B-pCHP
197,?',6,B-CHP
197,?????,10,O
197,????,10,O
197,????,10,O
197,?????,10,O
197,?????,10,O
197,????,10,O
197,??????,10,O
197,[SEP],10,O
197,,10,O
198,[CLS],10,O
198,??,10,O
198,##????,10,O
198,???,10,O
198,????,10,O
198,?????,10,O
198,???,10,O
198,???,10,O
198,???,10,O
198,??,10,O
198,??????,10,O
198,"??""?",1,B-AUT
198,????,10,O
198,?????,10,O
198,???,10,O
198,???,10,O
198,?????,10,O
198,????,10,O
198,????,10,O
198,?????,10,O
198,???,10,O
198,##???,10,O
198,[SEP],10,O
198,,10,O
199,[CLS],10,O
199,????,10,O
199,??,10,O
199,????,10,O
199,???,10,O
199,???,10,O
199,##??,10,O
199,???,10,O
199,?????,10,O
199,????,10,O
199,????,10,O
199,?????,10,O
199,???,10,O
199,???,10,O
199,??????,10,O
199,???,10,O
199,?????,10,O
199,??,10,O
199,?????,10,O
199,???,10,O
199,##???,10,O
199,?????,10,O
199,??????,10,O
199,[SEP],10,O
199,,10,O
200,[CLS],10,O
200,??,10,O
200,##???,10,O
200,"????""?",1,B-AUT
200,????,10,O
200,????,10,O
200,??,10,O
200,?????,10,O
200,????,10,O
200,?????,10,O
200,????,10,O
200,???,10,O
200,[SEP],10,O
200,,10,O
201,[CLS],10,O
201,?????,10,O
201,???,10,O
201,????,10,O
201,?????,10,O
201,???,10,O
201,?????,10,O
201,[SEP],10,O
201,,10,O
202,[CLS],10,O
202,"??""?",10,O
202,????,2,B-BOK
202,???,2.1,I-BOK
202,???,3,B-pSEC
202,???,4,B-SEC
202,????,4.1,I-SEC
202,????,5,B-pCHP
202,??,6,B-CHP
202,???,10,O
202,??????,10,O
202,???,10,O
202,????,10,O
202,???,10,O
202,???,10,O
202,???,10,O
202,?',10,O
202,????,10,O
202,??,10,O
202,????,10,O
202,?????,10,O
202,??????,10,O
202,????,10,O
202,???,10,O
202,??,10,O
202,???,10,O
202,##??,10,O
202,##??,10,O
202,[SEP],10,O
202,,10,O
203,[CLS],10,O
203,???,1,B-AUT
203,"##?""?",10,O
203,???,10,O
203,????,10,O
203,????,10,O
203,???,10,O
203,##??,10,O
203,?????,10,O
203,[SEP],10,O
203,,10,O
204,[CLS],10,O
204,?????,10,O
204,??,10,O
204,##??,10,O
204,##??,10,O
204,##?,10,O
204,?????,10,O
204,????,10,O
204,##?,10,O
204,????,10,O
204,?????,10,O
204,???,10,O
204,##??,10,O
204,##???,10,O
204,??????,10,O
204,??????,2,B-BOK
204,????,2,B-BOK
204,##??,10,O
204,[SEP],10,O
204,,10,O
205,[CLS],10,O
205,?,10,O
205,),10,O
205,????,10,O
205,????,10,O
205,??,1,B-AUT
205,"##??""?",10,O
205,???,1,B-AUT
205,"##??""?",10,O
205,???,10,O
205,?????,10,O
205,?????,10,O
205,????,10,O
205,????,10,O
205,##?,10,O
205,???,10,O
205,????,10,O
205,?????,10,O
205,????,10,O
205,##??,10,O
205,???,10,O
205,"????""?",1,B-AUT
205,???,10,O
205,???,10,O
205,?????,10,O
205,?????,10,O
205,????,10,O
205,??????,10,O
205,##?,10,O
205,????,10,O
205,??,10,O
205,[SEP],10,O
205,,10,O
206,[CLS],10,O
206,?????,10,O
206,???,10,O
206,????,10,O
206,???????,10,O
206,??????,10,O
206,??,10,O
206,???,10,O
206,???,10,O
206,##??,10,O
206,##??,10,O
206,??????,10,O
206,????,10,O
206,##?,10,O
206,????,10,O
206,???,10,O
206,???,10,O
206,##?,10,O
206,??,10,O
206,##??,10,O
206,?????,2,B-BOK
206,???,5,B-pCHP
206,??,6,B-CHP
206,????,6.1,I-CHP
206,???,10,O
206,??,10,O
206,##??,10,O
206,????,10,O
206,??,10,O
206,????,10,O
206,##?,10,O
206,????,10,O
206,??,10,O
206,????,10,O
206,[SEP],10,O
206,,10,O
207,[CLS],10,O
207,????,10,O
207,???,10,O
207,???,10,O
207,????,10,O
207,?????,10,O
207,????,10,O
207,????,10,O
207,??,10,O
207,??,10,O
207,????,10,O
207,?????,10,O
207,??,10,O
207,??,10,O
207,????,10,O
207,"???""?",1,B-AUT
207,???,4,B-SEC
207,????,4.1,I-SEC
207,?????,10,O
207,????,10,O
207,?????,10,O
207,??,10,O
207,???,10,O
207,???,10,O
207,##??,10,O
207,?????,10,O
207,????,10,O
207,????,10,O
207,[SEP],10,O
207,,10,O
208,[CLS],10,O
208,?,10,O
208,),10,O
208,??,10,O
208,??,10,O
208,???,10,O
208,?????,10,O
208,?????,10,O
208,???,10,O
208,???,1,B-AUT
208,##?,10,O
208,"##""?",10,O
208,???,10,O
208,???,10,O
208,?????,10,O
208,?????,10,O
208,???,10,O
208,?????,10,O
208,????,10,O
208,???????,1,B-AUT
208,??,10,O
208,##???,10,O
208,???,10,O
208,???,10,O
208,??????,10,O
208,??????,10,O
208,???,10,O
208,##???,10,O
208,???,10,O
208,???,10,O
208,?????,10,O
208,????,10,O
208,????,10,O
208,???,10,O
208,??,10,O
208,???,10,O
208,##?,10,O
208,?????,10,O
208,??,10,O
208,?????,10,O
208,??????,10,O
208,???,10,O
208,?????,10,O
208,????,10,O
208,??,10,O
208,##??,10,O
208,##??,10,O
208,??,10,O
208,??,10,O
208,?????,10,O
208,??,10,O
208,???,10,O
208,?????,10,O
208,[SEP],10,O
208,,10,O
209,[CLS],10,O
209,??,10,O
209,??????,10,O
209,?????,10,O
209,??,10,O
209,???,10,O
209,##???,10,O
209,???,10,O
209,???,10,O
209,???,10,O
209,???,10,O
209,##??,10,O
209,?????,10,O
209,##?,10,O
209,??,10,O
209,?????,10,O
209,?????,10,O
209,?????,10,O
209,???,10,O
209,????,10,O
209,???,10,O
209,???,10,O
209,##?????,10,O
209,???,10,O
209,"??""?",1,B-AUT
209,????,10,O
209,##???,10,O
209,?????,10,O
209,?????,10,O
209,???,10,O
209,???,10,O
209,???,10,O
209,???,10,O
209,##??,10,O
209,????,10,O
209,???,10,O
209,[SEP],10,O
209,,10,O
210,[CLS],10,O
210,???,10,O
210,??,10,O
210,??,10,O
210,???,10,O
210,???,10,O
210,?????,10,O
210,?????,10,O
210,?????,10,O
210,???,10,O
210,??,10,O
210,?????,10,O
210,????,10,O
210,?????,10,O
210,??,10,O
210,"##""?",10,O
210,??,10,O
210,???,10,O
210,???,10,O
210,?????,10,O
210,????,10,O
210,?????,10,O
210,[SEP],10,O
210,,10,O
211,[CLS],10,O
211,??,10,O
211,),10,O
211,???,10,O
211,????,10,O
211,?????,10,O
211,??,10,O
211,??,10,O
211,????,10,O
211,"??""?",2,B-BOK
211,(,10,O
211,"?""?",6,B-CHP
211,????,7,B-pSCHP
211,?',8,B-SCHP
211,),10,O
211,???,10,O
211,????,10,O
211,???,10,O
211,##??,10,O
211,?????,10,O
211,????,10,O
211,????,10,O
211,?????,10,O
211,????,10,O
211,?????,10,O
211,????,10,O
211,????,10,O
211,##?,10,O
211,????,10,O
211,"??""?",1,B-AUT
211,???,10,O
211,???,10,O
211,??,10,O
211,##??,10,O
211,??????,10,O
211,???,10,O
211,????,10,O
211,##??,10,O
211,##??,10,O
211,????,10,O
211,???,10,O
211,????,10,O
211,????,10,O
211,?????,10,O
211,???,10,O
211,[SEP],10,O
211,,10,O
212,[CLS],10,O
212,??,10,O
212,##???,10,O
212,???,10,O
212,???,10,O
212,##???,10,O
212,?????,10,O
212,?????,10,O
212,[SEP],10,O
212,,10,O
213,[CLS],10,O
213,?????,10,O
213,????,10,O
213,"???""?",1,B-AUT
213,???????,4,B-SEC
213,????,10,O
213,##?,10,O
213,?????,10,O
213,????,10,O
213,????,10,O
213,##?,10,O
213,????,10,O
213,????,10,O
213,??,1,B-AUT
213,##???,10,O
213,??,10,O
213,##???,10,O
213,##?,10,O
213,???,10,O
213,??,10,O
213,????,10,O
213,??,10,O
213,?????,10,O
213,???,10,O
213,??????,10,O
213,??????,10,O
213,???,10,O
213,????,10,O
213,"????""?",1,B-AUT
213,[SEP],10,O
213,,10,O
214,[CLS],10,O
214,???,10,O
214,??????,2,B-BOK
214,(,10,O
214,???,5,B-pCHP
214,?',6,B-CHP
214,????,7,B-pSCHP
214,?',8,B-SCHP
214,),10,O
214,????,10,O
214,##??,10,O
214,???,10,O
214,????,10,O
214,????,10,O
214,????,10,O
214,????,10,O
214,##??,10,O
214,???,10,O
214,???????,10,O
214,??,10,O
214,???,10,O
214,????,10,O
214,[SEP],10,O
214,,10,O
215,[CLS],10,O
215,??????,10,O
215,????,10,O
215,???,10,O
215,??,10,O
215,##???,10,O
215,??????,2,B-BOK
215,(,10,O
215,?',6,B-CHP
215,????,7,B-pSCHP
215,?,8,B-SCHP
215,),10,O
215,????,1,B-AUT
215,?????,1.1,I-AUT
215,????,10,O
215,???,10,O
215,##??,10,O
215,????,10,O
215,?????,10,O
215,????,10,O
215,##?,10,O
215,????,10,O
215,##??,10,O
215,##???,10,O
215,???,10,O
215,?????,10,O
215,##?,10,O
215,??,10,O
215,????,10,O
215,##??,10,O
215,[SEP],10,O
215,,10,O
216,[CLS],10,O
216,??,10,O
216,??,10,O
216,??????,10,O
216,??,10,O
216,???,10,O
216,##???,10,O
216,?????,10,O
216,[SEP],10,O
216,,10,O
217,[CLS],10,O
217,?,10,O
217,),10,O
217,??,10,O
217,??,10,O
217,?????,10,O
217,????,10,O
217,???,1,B-AUT
217,"##??""?",10,O
217,???,10,O
217,???,10,O
217,???,10,O
217,????,10,O
217,???,10,O
217,##???,10,O
217,##?,10,O
217,?????,10,O
217,??,10,O
217,???????,10,O
217,????,10,O
217,??,10,O
217,???,10,O
217,"???""?",1,B-AUT
217,?????,10,O
217,??????,10,O
217,[SEP],10,O
217,,10,O
218,[CLS],10,O
218,??,10,O
218,),10,O
218,"?""?",10,O
218,????,10,O
218,"?????""?",1,B-AUT
218,??,1,B-AUT
218,##??????,10,O
218,????,1.1,I-AUT
218,???,10,O
218,???,10,O
218,??,10,O
218,##??,10,O
218,##???,10,O
218,???,10,O
218,##?,10,O
218,????,10,O
218,????,10,O
218,??????,10,O
218,???,10,O
218,##??,10,O
218,?????,10,O
218,????,10,O
218,??????,10,O
218,???,10,O
218,??,10,O
218,???,10,O
218,???,10,O
218,?????,10,O
218,?????,10,O
218,???,10,O
218,[SEP],10,O
218,,10,O
219,[CLS],10,O
219,??????,10,O
219,???,10,O
219,??????,10,O
219,??,1,B-AUT
219,"##""?",10,O
219,???,1.1,I-AUT
219,##??,10,O
219,??,10,O
219,????,2,B-BOK
219,?????,2.1,I-BOK
219,??,10,O
219,##????,10,O
219,????,2,B-BOK
219,?????,2.1,I-BOK
219,???,10,O
219,????,10,O
219,??????,10,O
219,[SEP],10,O
219,,10,O
220,[CLS],10,O
220,?,10,O
220,),10,O
220,??????,10,O
220,???,10,O
220,"????""?",1,B-AUT
220,???,5,B-pCHP
220,"?""?",6,B-CHP
220,??????,3,B-pSEC
220,??????,4,B-SEC
220,????,4.1,I-SEC
220,????,7,B-pSCHP
220,?',8,B-SCHP
220,???,10,O
220,???,10,O
220,??,10,O
220,?????,10,O
220,????,10,O
220,???,10,O
220,##???,10,O
220,##?,10,O
220,?????,10,O
220,??????,10,O
220,?????,10,O
220,???,10,O
220,???,10,O
220,##??,10,O
220,????,10,O
220,[SEP],10,O
220,,10,O
221,[CLS],10,O
221,????,10,O
221,??????,1,B-AUT
221,???,4,B-SEC
221,???,4.1,I-SEC
221,(,10,O
221,"?""?",6,B-CHP
221,????,7,B-pSCHP
221,?',8,B-SCHP
221,),10,O
221,???,10,O
221,?????,10,O
221,??????,10,O
221,????,10,O
221,[SEP],10,O
221,,10,O
222,[CLS],10,O
222,?,10,O
222,),10,O
222,???,10,O
222,??,10,O
222,???,10,O
222,???,10,O
222,?????,10,O
222,???,10,O
222,##?,10,O
222,?????,10,O
222,???,10,O
222,????,10,O
222,????,10,O
222,???,10,O
222,##??,10,O
222,?????,10,O
222,??????,10,O
222,??????,10,O
222,?????,2,B-BOK
222,??????,4,B-SEC
222,(,10,O
222,????,6,B-CHP
222,?',6.1,I-CHP
222,????,7,B-pSCHP
222,?',8,B-SCHP
222,),10,O
222,?????,2,B-BOK
222,????,4,B-SEC
222,????,4.1,I-SEC
222,????,5,B-pCHP
222,?',6,B-CHP
222,???,10,O
222,???,1,B-AUT
222,"##""?",10,O
222,[SEP],10,O
222,,10,O
223,[CLS],10,O
223,????,10,O
223,??????,10,O
223,????,10,O
223,????,10,O
223,"???""?",1,B-AUT
223,??????,10,O
223,????,10,O
223,????,10,O
223,???,10,O
223,??,10,O
223,????,10,O
223,??,10,O
223,???,10,O
223,[SEP],10,O
223,,10,O
224,[CLS],10,O
224,????,10,O
224,"???""?",1,B-AUT
224,??????,2,B-BOK
224,????,2.1,I-BOK
224,????,10,O
224,???,10,O
224,??,10,O
224,??,10,O
224,????,10,O
224,??,10,O
224,?????,10,O
224,?????,10,O
224,??????,10,O
224,??,10,O
224,????,10,O
224,##??,10,O
224,[SEP],10,O
224,,10,O
225,[CLS],10,O
225,???,10,O
225,???,10,O
225,##??,10,O
225,?????,10,O
225,???,10,O
225,???,10,O
225,##?,10,O
225,?????,10,O
225,????,10,O
225,???,10,O
225,##??,10,O
225,???,10,O
225,????,10,O
225,??????,10,O
225,???,10,O
225,???,10,O
225,??????,10,O
225,[SEP],10,O
225,,10,O
226,[CLS],10,O
226,?,10,O
226,),10,O
226,?????,10,O
226,????,10,O
226,???,1,B-AUT
226,?????,1.1,I-AUT
226,????,10,O
226,??,10,O
226,?????,10,O
226,??,10,O
226,????,10,O
226,"????""?",1,B-AUT
226,??,10,O
226,????,7,B-pSCHP
226,?,8,B-SCHP
226,??,10,O
226,##???,10,O
226,???,10,O
226,##??,10,O
226,???,10,O
226,##?,10,O
226,[SEP],10,O
226,,10,O
227,[CLS],10,O
227,???,10,O
227,????,10,O
227,##???,10,O
227,"???""?",1,B-AUT
227,???,10,O
227,##?,10,O
227,????,10,O
227,????,10,O
227,????,10,O
227,????,10,O
227,????,2,B-BOK
227,????,2.1,I-BOK
227,????,10,O
227,"???""?",1,B-AUT
227,???,10,O
227,##??,10,O
227,???,10,O
227,???,10,O
227,????,10,O
227,???,10,O
227,??,10,O
227,??,10,O
227,???,10,O
227,????,10,O
227,????,10,O
227,?????,10,O
227,[SEP],10,O
227,,10,O
228,[CLS],10,O
228,???,10,O
228,???,10,O
228,"????""?",1,B-AUT
228,????,10,O
228,??,10,O
228,???,10,O
228,???,10,O
228,??,10,O
228,##????,10,O
228,????,10,O
228,?????,10,O
228,??,10,O
228,?????,10,O
228,????,10,O
228,?????,10,O
228,???,10,O
228,##???,10,O
228,?????,10,O
228,????,10,O
228,??????,10,O
228,[SEP],10,O
228,,10,O
229,[CLS],10,O
229,???,10,O
229,??????,1,B-AUT
229,????,1.1,I-AUT
229,??,10,O
229,???,10,O
229,???,10,O
229,"???""?",1,B-AUT
229,???,10,O
229,?????,10,O
229,????,10,O
229,##?,10,O
229,?????,10,O
229,????,10,O
229,????,10,O
229,????,10,O
229,##?,10,O
229,????,10,O
229,??,10,O
229,???,10,O
229,????,10,O
229,????,10,O
229,?????,10,O
229,??????,10,O
229,##?,10,O
229,???,10,O
229,##?,10,O
229,[SEP],10,O
229,,10,O
230,[CLS],10,O
230,??,10,O
230,##???,10,O
230,##??,10,O
230,??,10,O
230,???,10,O
230,????,10,O
230,????,10,O
230,????,10,O
230,##?,10,O
230,???,10,O
230,???,2,B-BOK
230,##???,10,O
230,???,10,O
230,????,4,B-SEC
230,??????,10,O
230,??,10,O
230,??,10,O
230,##??,10,O
230,????,10,O
230,##??,10,O
230,##?,10,O
230,????,10,O
230,???,10,O
230,????,10,O
230,?????,10,O
230,??,10,O
230,???,10,O
230,##??,10,O
230,??,10,O
230,???,10,O
230,?????,10,O
230,???,10,O
230,##??,10,O
230,?????,10,O
230,??,10,O
230,????,1,B-AUT
230,????,1.1,I-AUT
230,?? ,1.1,I-AUT
230,???,1.1,I-AUT
230,?????,1.1,I-AUT
230,????,10,O
230,????,10,O
230,##?,10,O
230,????,10,O
230,???,10,O
230,[SEP],10,O
230,,10,O
231,[CLS],10,O
231,???,10,O
231,????,10,O
231,(,10,O
231,???,10,O
231,????,10,O
231,??,10,O
231,????,10,O
231,),10,O
231,????,10,O
231,"????""?",1,B-AUT
231,???,10,O
231,???,5,B-pCHP
231,"?""?",6,B-CHP
231,??????,3,B-pSEC
231,?????,4,B-SEC
231,????,10,O
231,??,10,O
231,????,10,O
231,?????,10,O
231,???,10,O
231,##??,10,O
231,????,10,O
231,???,10,O
231,[SEP],10,O
231,,10,O
232,[CLS],10,O
232,???,10,O
232,??,10,O
232,?????,2,B-BOK
232,????,2.1,I-BOK
232,?????,10,O
232,????????,2,B-BOK
232,???,10,O
232,???,5,B-pCHP
232,???,6,B-CHP
232,????,6.1,I-CHP
232,??,10,O
232,##???,10,O
232,????,10,O
232,??,10,O
232,??,10,O
232,????,10,O
232,????,10,O
232,????,10,O
232,???,10,O
232,?????,10,O
232,[SEP],10,O
232,,10,O
233,[CLS],10,O
233,???,10,O
233,????,2,B-BOK
233,(,10,O
233,??,5,B-pCHP
233,"?""?",6,B-CHP
233,????,7,B-pSCHP
233,?',8,B-SCHP
233,),10,O
233,??????,10,O
233,??????,10,O
233,????,10,O
233,??,10,O
233,???,10,O
233,????,10,O
233,????,10,O
233,??,10,O
233,????,10,O
233,??,10,O
233,??,10,O
233,????,10,O
233,"?""",10,O
233,##?,10,O
233,????,10,O
233,???,10,O
233,???,10,O
233,##?,10,O
233,???,10,O
233,?????,10,O
233,???,10,O
233,????,10,O
233,????,10,O
233,?????,10,O
233,???,10,O
233,##???,10,O
233,[SEP],10,O
233,,10,O
234,[CLS],10,O
234,?,10,O
234,),10,O
234,??,10,O
234,??,10,O
234,????,10,O
234,??,10,O
234,??,1,B-AUT
234,"##""?",10,O
234,????,10,O
234,????,10,O
234,##??,10,O
234,????,10,O
234,????,10,O
234,"??""?",1,B-AUT
234,???,1,B-AUT
234,"##??""?",10,O
234,[SEP],10,O
234,,10,O
235,[CLS],10,O
235,???,10,O
235,???,10,O
235,##??,10,O
235,??,10,O
235,##?,10,O
235,??????,10,O
235,?????,10,O
235,????,10,O
235,##??,10,O
235,?????,10,O
235,???????,10,O
235,????,10,O
235,##??,10,O
235,?????,10,O
235,????,10,O
235,???,10,O
235,##??,10,O
235,[SEP],10,O
235,,10,O
236,[CLS],10,O
236,???,10,O
236,????,10,O
236,??????,2,B-BOK
236,????,10,O
236,?????,2,B-BOK
236,????,2.1,I-BOK
236,##??,10,O
236,???,4,B-SEC
236,???,4.1,I-SEC
236,(,10,O
236,??,5,B-pCHP
236,?????,6,B-CHP
236,????,6.1,I-CHP
236,????,7,B-pSCHP
236,?',8,B-SCHP
236,),10,O
236,???,10,O
236,??????,10,O
236,???,10,O
236,##???,10,O
236,??????,10,O
236,##??,10,O
236,??????,10,O
236,?????,10,O
236,???,10,O
236,????,10,O
236,???,10,O
236,???,10,O
236,????,10,O
236,??,10,O
236,???,10,O
236,????,10,O
236,?????,10,O
236,##?,10,O
236,???,10,O
236,?????,10,O
236,????,10,O
236,##???,10,O
236,??????,10,O
236,??,10,O
236,???,10,O
236,##???,10,O
236,???,10,O
236,##????,10,O
236,?????,10,O
236,???,10,O
236,??,10,O
236,??????,10,O
236,##?,10,O
236,??????,10,O
236,[SEP],10,O
236,,10,O
237,[CLS],10,O
237,???,10,O
237,##???,10,O
237,??????,10,O
237,??,10,O
237,????,10,O
237,???,10,O
237,##?,10,O
237,???,10,O
237,##???,10,O
237,??,10,O
237,??,10,O
237,???,10,O
237,?????,10,O
237,?????,10,O
237,?????,10,O
237,?????,10,O
237,??,10,O
237,???,10,O
237,???,10,O
237,???,10,O
237,??,10,O
237,???,10,O
237,???,10,O
237,##?,10,O
237,???,10,O
237,????,10,O
237,??????,10,O
237,???,10,O
237,##???,10,O
237,??,10,O
237,????,10,O
237,????,10,O
237,##?,10,O
237,??,10,O
237,?????,10,O
237,????,10,O
237,"?""?",10,O
237,???,10,O
237,[SEP],10,O
237,,10,O
238,[CLS],10,O
238,????,10,O
238,##??,10,O
238,????,10,O
238,???,1,B-AUT
238,"##""?",10,O
238,???,10,O
238,"???""?",1,B-AUT
238,????,10,O
238,???,10,O
238,???,10,O
238,???,10,O
238,??,10,O
238,##???,10,O
238,[SEP],10,O
238,,10,O
239,[CLS],10,O
239,????,10,O
239,??,10,O
239,??,10,O
239,????,10,O
239,##?,10,O
239,??,10,O
239,???????,10,O
239,?????,10,O
239,???,10,O
239,##?,10,O
239,??,10,O
239,??????,10,O
239,[SEP],10,O
239,,10,O
240,[CLS],10,O
240,??,10,O
240,##??,10,O
240,??,10,O
240,?????,10,O
240,"???""?",1,B-AUT
240,???,10,O
240,?????,10,O
240,??,1,B-AUT
240,"##?""?",10,O
240,???,10,O
240,[SEP],10,O
240,,10,O
241,[CLS],10,O
241,?????,10,O
241,??????,10,O
241,???,2,B-BOK
241,##?,10,O
241,????,2.1,I-BOK
241,??,10,O
241,##??,10,O
241,##??,10,O
241,????,10,O
241,????,10,O
241,??????,10,O
241,"???""?",1,B-AUT
241,?????,10,O
241,????,10,O
241,?????,10,O
241,????,10,O
241,????,10,O
241,???,10,O
241,##??,10,O
241,[SEP],10,O
241,,10,O
242,[CLS],10,O
242,???,1,B-AUT
242,"##?""",10,O
242,##?,10,O
242,(,10,O
242,????,5,B-pCHP
242,?,6,B-CHP
242,"##""?",10,O
242,),10,O
242,????,10,O
242,????,10,O
242,?????,10,O
242,???,10,O
242,??????,10,O
242,??????,10,O
242,??,10,O
242,?',10,O
242,?????,10,O
242,"???""?",1,B-AUT
242,[SEP],10,O
242,,10,O
243,[CLS],10,O
243,??????,10,O
243,??,10,O
243,????,1,B-AUT
243,"##""?",10,O
243,??,10,O
243,?????,10,O
243,??,10,O
243,?????,2,B-BOK
243,???,10,O
243,????,10,O
243,?????,10,O
243,?,1,B-AUT
243,"##""?",10,O
243,???,10,O
243,[SEP],10,O
243,,10,O
244,[CLS],10,O
244,???,10,O
244,????,10,O
244,?????,10,O
244,????,10,O
244,????,10,O
244,???,10,O
244,???,10,O
244,??,10,O
244,?????,10,O
244,???,10,O
244,????,10,O
244,"????""?",1,B-AUT
244,?????,10,O
244,?????,10,O
244,[SEP],10,O
244,,10,O
245,[CLS],10,O
245,??,10,O
245,????,2,B-BOK
245,##???,10,O
245,???????,4,B-SEC
245,???,10,O
245,???,10,O
245,????,10,O
245,???,10,O
245,[SEP],10,O
245,,10,O
246,[CLS],10,O
246,?,10,O
246,),10,O
246,????,10,O
246,???????,2,B-BOK
246,????,4,B-SEC
246,(,10,O
246,??,5,B-pCHP
246,"?""?",6,B-CHP
246,????,7,B-pSCHP
246,?',8,B-SCHP
246,),10,O
246,???,10,O
246,?????,10,O
246,??,10,O
246,##???,10,O
246,???,10,O
246,?????,10,O
246,???,10,O
246,???,10,O
246,[SEP],10,O
246,,10,O
247,[CLS],10,O
247,???,10,O
247,?????,10,O
247,????????,2,B-BOK
247,???,5,B-pCHP
247,???,6,B-CHP
247,???,4,B-SEC
247,##???,10,O
247,[SEP],10,O
247,,10,O
248,[CLS],10,O
248,????,10,O
248,??,10,O
248,???,10,O
248,??????,2,B-BOK
248,???,2.1,I-BOK
248,????,10,O
248,??????,10,O
248,???,10,O
248,???,10,O
248,??,10,O
248,?????,10,O
248,????,10,O
248,##?,10,O
248,??????,10,O
248,????,10,O
248,[SEP],10,O
248,,10,O
249,[CLS],10,O
249,??????,10,O
249,???????,2,B-BOK
249,???,2.1,I-BOK
249,?????,2.1,I-BOK
249,????,2.1,I-BOK
249,?????,4,B-SEC
249,(,10,O
249,???,5,B-pCHP
249,?',6,B-CHP
249,),10,O
249,?????,10,O
249,??,10,O
249,?????,10,O
249,????,10,O
249,##?,10,O
249,????,10,O
249,[SEP],10,O
249,,10,O
250,[CLS],10,O
250,"??""?",2,B-BOK
250,????,2.1,I-BOK
250,???,2.1,I-BOK
250,???,3,B-pSEC
250,????,4,B-SEC
250,????,4.1,I-SEC
250,????,5,B-pCHP
250,??,6,B-CHP
250,???,10,O
250,??????,10,O
250,???,10,O
250,????,10,O
250,???,10,O
250,???,10,O
250,?????,10,O
250,??,10,O
250,????,10,O
250,?????,10,O
250,??????,10,O
250,[SEP],10,O
250,,10,O
251,[CLS],10,O
251,???,1,B-AUT
251,"##""?",10,O
251,??,10,O
251,????,10,O
251,????,10,O
251,???,10,O
251,???,10,O
251,##??,10,O
251,????,2,B-BOK
251,????,2.1,I-BOK
251,[SEP],10,O
251,,10,O
252,[CLS],10,O
252,?,10,O
252,),10,O
252,????,10,O
252,??,10,O
252,????,10,O
252,?????,10,O
252,????,10,O
252,????,1,B-AUT
252,?????,1.1,I-AUT
252,???,10,O
252,???,10,O
252,##?????,10,O
252,???,10,O
252,##????,10,O
252,???,10,O
252,??,10,O
252,???,10,O
252,?????,10,O
252,??????,10,O
252,???,10,O
252,?????,10,O
252,?????,10,O
252,?????,10,O
252,???,10,O
252,???,10,O
252,##?,10,O
252,??,10,O
252,?????,10,O
252,?????,10,O
252,[SEP],10,O
252,,10,O
253,[CLS],10,O
253,???????,2,B-BOK
253,??????,2,B-BOK
253,(,10,O
253,??,5,B-pCHP
253,?',6,B-CHP
253,),10,O
253,???,10,O
253,????,10,O
253,??,10,O
253,[SEP],10,O
253,,10,O
254,[CLS],10,O
254,???,10,O
254,???,10,O
254,##?,10,O
254,?????,10,O
254,????,10,O
254,????,10,O
254,????,10,O
254,?????,10,O
254,?????,10,O
254,???,10,O
254,???????,2,B-BOK
254,"??""?",2.1,I-BOK
254,???,10,O
254,"??""?",1,B-AUT
254,???,10,O
254,???,10,O
254,##??,10,O
254,????,10,O
254,????,10,O
254,???,10,O
254,##??,10,O
254,??,10,O
254,???????,10,O
254,[SEP],10,O
254,,10,O
255,[CLS],10,O
255,????,1,B-AUT
255,???,1.1,I-AUT
255,??,10,O
255,##????,10,O
255,????,10,O
255,????,10,O
255,[SEP],10,O
255,,10,O
256,[CLS],10,O
256,?????,10,O
256,"???""?",1,B-AUT
256,????,10,O
256,???,10,O
256,????,10,O
256,???,10,O
256,?????,10,O
256,##?,10,O
256,??,10,O
256,?????,10,O
256,?????,10,O
256,??,10,O
256,???,10,O
256,?????,10,O
256,???,10,O
256,????,10,O
256,[SEP],10,O
256,,10,O
257,[CLS],10,O
257,???????,10,O
257,??,10,O
257,??,10,O
257,?????,10,O
257,???,10,O
257,##?,10,O
257,???,10,O
257,???,10,O
257,?,1,B-AUT
257,##?????,10,O
257,(,10,O
257,??,5,B-pCHP
257,?',6,B-CHP
257,????,7,B-pSCHP
257,?',8,B-SCHP
257,),10,O
257,????,10,O
257,##?,10,O
257,??????,10,O
257,?????,10,O
257,????,10,O
257,???,10,O
257,[SEP],10,O
257,,10,O
258,[CLS],10,O
258,??????,10,O
258,"????""?",1,B-AUT
258,????,10,O
258,???,10,O
258,????,10,O
258,##?,10,O
258,?????,10,O
258,??,10,O
258,????,10,O
258,???,10,O
258,[SEP],10,O
258,,10,O
259,[CLS],10,O
259,????,10,O
259,????,10,O
259,??,1,B-AUT
259,"##?""?",10,O
259,????,10,O
259,??,10,O
259,##?,10,O
259,???,10,O
259,##??,10,O
259,??????,10,O
259,?????,10,O
259,???,10,O
259,???,10,O
259,????,10,O
259,??,10,O
259,##??,10,O
259,##?,10,O
259,??,10,O
259,???,10,O
259,??,10,O
259,??,10,O
259,???,10,O
259,???,10,O
259,??,10,O
259,##???,10,O
259,??????,10,O
259,???,10,O
259,??,10,O
259,????,10,O
259,[SEP],10,O
259,,10,O
260,[CLS],10,O
260,??,1,B-AUT
260,##??????,10,O
260,???,10,O
260,????,10,O
260,(,10,O
260,??,5,B-pCHP
260,?',6,B-CHP
260,),10,O
260,??,10,O
260,##??,10,O
260,##????,10,O
260,??,10,O
260,?????,10,O
260,??,10,O
260,??,10,O
260,##??,10,O
260,???,10,O
260,?????,10,O
260,????,10,O
260,????,10,O
260,????,10,O
260,??,10,O
260,[SEP],10,O
260,,10,O
261,[CLS],10,O
261,??,10,O
261,??,10,O
261,?????,10,O
261,????,10,O
261,???,10,O
261,##?,10,O
261,????,10,O
261,"??""?",1,B-AUT
261,????,10,O
261,???,10,O
261,????,10,O
261,???,10,O
261,???,10,O
261,????,10,O
261,[SEP],10,O
261,,10,O
262,[CLS],10,O
262,??????,10,O
262,???????,2,B-BOK
262,?????,2.1,I-BOK
262,??,10,O
262,##????,10,O
262,?????,10,O
262,??????,10,O
262,???,10,O
262,##??,10,O
262,##?,10,O
262,???,10,O
262,##???,10,O
262,##?,10,O
262,????,10,O
262,??,10,O
262,???,10,O
262,???,10,O
262,##????,10,O
262,?????,10,O
262,+,10,O
262,???,10,O
262,??,10,O
262,???,10,O
262,??????,10,O
262,?????,10,O
262,????,10,O
262,##???,10,O
262,???,10,O
262,???,10,O
262,??,10,O
262,??,10,O
262,?????,10,O
262,????,10,O
262,##??,10,O
262,??,10,O
262,????,10,O
262,??,10,O
262,???,10,O
262,????,10,O
262,##???,10,O
262,????,10,O
262,???,10,O
262,????,10,O
262,##???,10,O
262,??,10,O
262,??,10,O
262,????,10,O
262,##???,10,O
262,????,10,O
262,[SEP],10,O
262,,10,O
263,[CLS],10,O
263,???,10,O
263,????,10,O
263,"??""?",1,B-AUT
263,?,10,O
263,"##""?",10,O
263,??,10,O
263,##????,10,O
263,????,10,O
263,##?,10,O
263,????,2,B-BOK
263,##??,10,O
263,???,10,O
263,????,10,O
263,?????,10,O
263,[SEP],10,O
263,,10,O
264,[CLS],10,O
264,???,10,O
264,??,10,O
264,??,10,O
264,????,10,O
264,??????,10,O
264,##?,10,O
264,???,10,O
264,##?,10,O
264,???,10,O
264,???,10,O
264,????,10,O
264,?????,10,O
264,????,10,O
264,???,10,O
264,?????,10,O
264,[SEP],10,O
264,,10,O
265,[CLS],10,O
265,???,10,O
265,??,10,O
265,??????,10,O
265,????,10,O
265,????,10,O
265,???,10,O
265,?????,10,O
265,[SEP],10,O
265,,10,O
266,[CLS],10,O
266,?,10,O
266,),10,O
266,??,10,O
266,???,10,O
266,?????,10,O
266,????,10,O
266,???,10,O
266,??????,10,O
266,????,10,O
266,??,10,O
266,????,10,O
266,??,10,O
266,?????,10,O
266,????,10,O
266,???,10,O
266,?????,10,O
266,????,10,O
266,?????,10,O
266,??,10,O
266,?????,10,O
266,????,10,O
266,???,10,O
266,[SEP],10,O
266,,10,O
267,[CLS],10,O
267,??????,10,O
267,????,10,O
267,????,10,O
267,??????,10,O
267,???,10,O
267,????,10,O
267,??,10,O
267,???,10,O
267,????,10,O
267,??,10,O
267,?????,10,O
267,???,10,O
267,????,10,O
267,"???""?",1,B-AUT
267,????,2,B-BOK
267,????,2.1,I-BOK
267,??????,4,B-SEC
267,"?""?",6,B-CHP
267,????,7,B-pSCHP
267,"?""?",8,B-SCHP
267,???,10,O
267,?????,10,O
267,???,10,O
267,????,10,O
267,??????,10,O
267,??,10,O
267,?????,10,O
267,????,10,O
267,"???""?",10,O
267,??,10,O
267,?????,10,O
267,????,10,O
267,????,10,O
267,??,10,O
267,???,10,O
267,????,10,O
267,????,10,O
267,???,10,O
267,???,10,O
267,??,10,O
267,????,10,O
267,??,10,O
267,????,10,O
267,???,10,O
267,?????,10,O
267,[SEP],10,O
267,,10,O
268,??,10,O
268,????,10,O
268,????,10,O
268,????,10,O
268,????,10,O
268,??,10,O
268,??,10,O
268,????,10,O
268,??,10,O
268,???,10,O
268,##???,10,O
268,??????,10,O
268,???,10,O
268,????,10,O
268,??,10,O
268,##??,10,O
268,????,10,O
268,??????,10,O
268,????,10,O
268,?????,10,O
268,????,10,O
268,????,10,O
268,??,10,O
268,???,10,O
268,???,10,O
268,?????,10,O
268,[SEP],10,O
268,,10,O
269,[CLS],10,O
269,?,10,O
269,),10,O
269,?????,10,O
269,??,10,O
269,##???,10,O
269,"??""?",1,B-AUT
269,????,10,O
269,????,10,O
269,????,10,O
269,????,10,O
269,???,10,O
269,??,10,O
269,?????,10,O
269,???,10,O
269,???,10,O
269,?????,10,O
269,????,10,O
269,???????,10,O
269,??,10,O
269,????,10,O
269,????,10,O
269,[SEP],10,O
269,,10,O
270,[CLS],10,O
270,?????,10,O
270,????,2,B-BOK
270,(,10,O
270,??,5,B-pCHP
270,?,6,B-CHP
270,"##""?",10,O
270,????,7,B-pSCHP
270,?',8,B-SCHP
270,),10,O
270,???,10,O
270,##??,10,O
270,???,10,O
270,????,10,O
270,??,10,O
270,????????,10,O
270,??,1,B-AUT
270,???,10,O
270,????,10,O
270,????,10,O
270,????,10,O
270,[SEP],10,O
270,,10,O
271,[CLS],10,O
271,???,10,O
271,???,10,O
271,??,2,B-BOK
271,##??????,10,O
271,(,10,O
271,??,5,B-pCHP
271,??,6,B-CHP
271,"##""?",10,O
271,????,7,B-pSCHP
271,?',8,B-SCHP
271,),10,O
271,???,10,O
271,???,10,O
271,??,10,O
271,?????,10,O
271,???,10,O
271,?????,10,O
271,???,10,O
271,???,10,O
271,##??,10,O
271,????,10,O
271,?????,10,O
271,??,10,O
271,????,10,O
271,##?,10,O
271,[SEP],10,O
271,,10,O
272,[CLS],10,O
272,?,10,O
272,),10,O
272,????,10,O
272,???,10,O
272,##??,10,O
272,????,10,O
272,?????,10,O
272,??,10,O
272,????,10,O
272,?????,10,O
272,?????,10,O
272,"????""?",1,B-AUT
272,?????,10,O
272,??????,10,O
272,??,10,O
272,????,10,O
272,"?""?",10,O
272,????,10,O
272,????????,10,O
272,?????,10,O
272,????,10,O
272,???,1,B-AUT
272,##?,10,O
272,"##""?",10,O
272,[SEP],10,O
272,,10,O
273,[CLS],10,O
273,????,10,O
273,???,10,O
273,##????,10,O
273,????,10,O
273,????,1,B-AUT
273,"##""?",10,O
273,????,10,O
273,"?""",1,B-AUT
273,##?,10,O
273,[SEP],10,O
273,,10,O
274,[CLS],10,O
274,?,10,O
274,),10,O
274,????,10,O
274,##?,10,O
274,???,10,O
274,##???,10,O
274,##??,10,O
274,????,10,O
274,???,10,O
274,???,10,O
274,??,10,O
274,????,10,O
274,?????,10,O
274,[SEP],10,O
274,,10,O
275,[CLS],10,O
275,????,10,O
275,???,10,O
275,????,10,O
275,????,10,O
275,??????,10,O
275,????,10,O
275,??????,10,O
275,???,5,B-pCHP
275,??,6,B-CHP
275,??????,6.1,I-CHP
275,[SEP],10,O
275,,10,O
276,[CLS],10,O
276,??,10,O
276,????,10,O
276,?????,10,O
276,???,10,O
276,???,10,O
276,???,1,B-AUT
276,"##""?",10,O
276,???,10,O
276,##??,10,O
276,????,10,O
276,????,10,O
276,##??,10,O
276,?????,10,O
276,[SEP],10,O
276,,10,O
277,[CLS],10,O
277,?,10,O
277,),10,O
277,??????,10,O
277,????,10,O
277,"???""?",1,B-AUT
277,???,10,O
277,##??,10,O
277,???,10,O
277,##??,10,O
277,???????,10,O
277,????,10,O
277,????,10,O
277,???,10,O
277,????,10,O
277,##?,10,O
277,???,10,O
277,[SEP],10,O
277,,10,O
278,[CLS],10,O
278,???,10,O
278,????,10,O
278,??????,10,O
278,##??,10,O
278,???,10,O
278,##???,10,O
278,?????,10,O
278,???,10,O
278,??????,10,O
278,?????,10,O
278,????,10,O
278,???,10,O
278,[SEP],10,O
278,,10,O
279,[CLS],10,O
279,"???""?",1,B-AUT
279,????,4,B-SEC
279,?',6,B-CHP
279,???,10,O
279,????,10,O
279,???????,10,O
279,????,10,O
279,???,10,O
279,?????,10,O
279,????,10,O
279,?????,10,O
279,????,10,O
279,????,10,O
279,????,10,O
279,??,10,O
279,[SEP],10,O
279,,10,O
280,[CLS],10,O
280,????,10,O
280,???,10,O
280,"????""?",1,B-AUT
280,??,10,O
280,????,10,O
280,"??""?",2,B-BOK
280,????,10,O
280,????,10,O
280,???,10,O
280,????,10,O
280,????,10,O
280,??????,10,O
280,???????,1,B-AUT
280,[SEP],10,O
280,,10,O
281,[CLS],10,O
281,???,2,B-BOK
281,##???,10,O
281,???,10,O
281,???,5,B-pCHP
281,????,6,B-CHP
281,?????,6.1,I-CHP
281,?????,10,O
281,?????,10,O
281,??,10,O
281,##??,10,O
281,????,10,O
281,???,10,O
281,????,10,O
281,[SEP],10,O
281,,10,O
282,[CLS],10,O
282,????,10,O
282,##??,10,O
282,???,10,O
282,???,10,O
282,????,10,O
282,???,10,O
282,???,10,O
282,??,10,O
282,???,10,O
282,????,10,O
282,??????,10,O
282,???,10,O
282,##??,10,O
282,????,10,O
282,?????,10,O
282,???,10,O
282,?????,10,O
282,##?,10,O
282,?????,10,O
282,?????,10,O
282,????,10,O
282,##???,10,O
282,?????,10,O
282,"??""?",1,B-AUT
282,[SEP],10,O
282,,10,O
283,[CLS],10,O
283,????,10,O
283,???,10,O
283,???,10,O
283,???,10,O
283,?????,10,O
283,????,10,O
283,????,10,O
283,??,10,O
283,##???,10,O
283,????,10,O
283,[SEP],10,O
283,,10,O
284,[CLS],10,O
284,??????,10,O
284,"??""?",1,B-AUT
284,???,10,O
284,????,10,O
284,???,10,O
284,##?,10,O
284,[SEP],10,O
284,,10,O
285,[CLS],10,O
285,??,10,O
285,????,10,O
285,??,10,O
285,##???,10,O
285,???,10,O
285,??,10,O
285,????,10,O
285,????,10,O
285,??????,10,O
285,?????,10,O
285,????,10,O
285,????,10,O
285,[SEP],10,O
285,,10,O
286,[CLS],10,O
286,????,10,O
286,??,10,O
286,??????,10,O
286,???,1,B-AUT
286,"##""?",10,O
286,??????,10,O
286,##??,10,O
286,????,10,O
286,##??,10,O
286,??,10,O
286,??,10,O
286,??,10,O
286,?????,10,O
286,???????,10,O
286,[SEP],10,O
286,,10,O
287,[CLS],10,O
287,?????,10,O
287,????,2,B-BOK
287,##?,10,O
287,?????,1,B-AUT
287,?????,1.1,I-AUT
287,????,1.1,I-AUT
287,?????,1.1,I-AUT
287,??????,4,B-SEC
287,??,10,O
287,?????,10,O
287,????,10,O
287,??????,10,O
287,????,10,O
287,##??,10,O
287,????,10,O
287,?????,10,O
287,????,10,O
287,???,10,O
287,??,10,O
287,##??,10,O
287,????,10,O
287,?????,10,O
287,[SEP],10,O
287,,10,O
288,[CLS],10,O
288,???,10,O
288,????,10,O
288,"???""?",1,B-AUT
288,???,4,B-SEC
288,???,10,O
288,???,5,B-pCHP
288,??,6.1,I-CHP
288,????,6.1,I-CHP
288,##??,10,O
288,?????,10,O
288,????,10,O
288,????,10,O
288,?????,10,O
288,?????,10,O
288,???,10,O
288,[SEP],10,O
288,,10,O
289,[CLS],10,O
289,????,10,O
289,??,10,O
289,????,10,O
289,???,10,O
289,????,10,O
289,?????,10,O
289,???,10,O
289,??,10,O
289,##???,10,O
289,???,10,O
289,??,10,O
289,##??,10,O
289,??????,10,O
289,[SEP],10,O
289,,10,O
290,[CLS],10,O
290,?,10,O
290,),10,O
290,??,10,O
290,????,10,O
290,????,10,O
290,????,10,O
290,"???""?",1,B-AUT
290,??????,10,O
290,???,4,B-SEC
290,(,10,O
290,??,5,B-pCHP
290,??,6,B-CHP
290,"##""?",10,O
290,????,5,B-pCHP
290,?',6,B-CHP
290,),10,O
290,????,1,B-AUT
290,?????,1.1,I-AUT
290,????,10,O
290,????,10,O
290,??????,10,O
290,????,10,O
290,????,10,O
290,????,10,O
290,??,10,O
290,??????,10,O
290,[SEP],10,O
290,,10,O
291,[CLS],10,O
291,????,10,O
291,????,10,O
291,???,1,B-AUT
291,"##""?",10,O
291,(,10,O
291,??,5,B-pCHP
291,?,6,B-CHP
291,"##""?",10,O
291,????,7,B-pSCHP
291,?',8,B-SCHP
291,),10,O
291,???,10,O
291,?????,7,B-pSCHP
291,??????,7.1,I-pSCHP
291,??,8,B-SCHP
291,??,8.1,I-SCHP
291,##??,10,O
291,???,10,O
291,????,10,O
291,?????,2,B-BOK
291,(,10,O
291,??,5,B-pCHP
291,?,6,B-CHP
291,"##""?",10,O
291,????,7,B-pSCHP
291,?',8,B-SCHP
291,),10,O
291,???,10,O
291,##??,10,O
291,??????,10,O
291,????,10,O
291,##?,10,O
291,?????,10,O
291,?????,10,O
291,?????,10,O
291,???,10,O
291,##??,10,O
291,????,10,O
291,##???,10,O
291,?????,10,O
291,?????,10,O
291,[SEP],10,O
291,,10,O
292,[CLS],10,O
292,?,10,O
292,),10,O
292,????,10,O
292,????,10,O
292,"??""?",1,B-AUT
292,?????,10,O
292,?????,2,B-BOK
292,???,10,O
292,##??,10,O
292,?????,10,O
292,??,10,O
292,##??,10,O
292,??,10,O
292,????,10,O
292,????,10,O
292,?????,10,O
292,[SEP],10,O
292,,10,O
293,[CLS],10,O
293,"??""?",2,B-BOK
293,????,2.1,I-BOK
293,???,2.1,I-BOK
293,???,3,B-pSEC
293,????,4,B-SEC
293,????,4.1,I-SEC
293,????,5,B-pCHP
293,??,6,B-CHP
293,"?""?",10,O
293,????,10,O
293,???,10,O
293,???,10,O
293,??,10,O
293,??,10,O
293,????,10,O
293,??????,10,O
293,??????,10,O
293,[SEP],10,O
293,,10,O
294,[CLS],10,O
294,????,10,O
294,???,10,O
294,##??,10,O
294,???,10,O
294,??,10,O
294,?????,10,O
294,??,10,O
294,???????,1,B-AUT
294,???,4,B-SEC
294,(,10,O
294,??,5,B-pCHP
294,"?""?",6,B-CHP
294,????,7,B-pSCHP
294,?',8,B-SCHP
294,),10,O
294,??????,7,B-pSCHP
294,??????,7.1,I-pSCHP
294,???,8,B-SCHP
294,##?,10,O
294,????,8.1,I-SCHP
294,[SEP],10,O
294,,10,O
295,[CLS],10,O
295,???,10,O
295,????,10,O
295,"??""?",2,B-BOK
295,???,3,B-pSEC
295,????,4,B-SEC
295,???,10,O
295,??,10,O
295,???,10,O
295,????,10,O
295,?????,10,O
295,##??,10,O
295,[SEP],10,O
295,,10,O
296,[CLS],10,O
296,?,10,O
296,),10,O
296,???,10,O
296,????,10,O
296,????,10,O
296,?????,10,O
296,????,10,O
296,?????,10,O
296,????????,10,O
296,????,10,O
296,??,10,O
296,???,10,O
296,????,10,O
296,##??,10,O
296,??????,10,O
296,???,10,O
296,##??,10,O
296,???,10,O
296,##???,10,O
296,??,10,O
296,????,10,O
296,???,10,O
296,????,10,O
296,?????,10,O
296,?,10,O
296,##???,10,O
296,##???,10,O
296,??,10,O
296,???,10,O
296,?????,10,O
296,????,10,O
296,????,10,O
296,[SEP],10,O
296,,10,O
297,[CLS],10,O
297,???,10,O
297,??,10,O
297,????,10,O
297,?????,10,O
297,???,10,O
297,???,2,B-BOK
297,##???,10,O
297,(,10,O
297,??,5,B-pCHP
297,"?""?",6,B-CHP
297,[SEP],10,O
297,,10,O
298,[CLS],10,O
298,???,10,O
298,??,10,O
298,???,10,O
298,???,10,O
298,?????,10,O
298,????,10,O
298,?????,10,O
298,??,10,O
298,??????,10,O
298,????,10,O
298,???,10,O
298,##??,10,O
298,???,10,O
298,???,10,O
298,???,10,O
298,???,10,O
298,##???,10,O
298,??????,10,O
298,????,2,B-BOK
298,##??,10,O
298,(,10,O
298,??,5,B-pCHP
298,?,6,B-CHP
298,"##""?",10,O
298,????,7,B-pSCHP
298,?',8,B-SCHP
298,),10,O
298,???,10,O
298,????,10,O
298,???????,1,B-AUT
298,????,10,O
298,??????,10,O
298,???,10,O
298,##???,10,O
298,???,10,O
298,??,10,O
298,????,10,O
298,???,10,O
298,##??,10,O
298,[SEP],10,O
298,,10,O
299,[CLS],10,O
299,??,10,O
299,??,10,O
299,??,10,O
299,????,10,O
299,?????,10,O
299,##??,10,O
299,???,10,O
299,##??,10,O
299,?????,10,O
299,????,10,O
299,##??,10,O
299,????,10,O
299,?????,10,O
299,?????,10,O
299,[SEP],10,O
299,,10,O
300,[CLS],10,O
300,???,10,O
300,??,10,O
300,???,10,O
300,##?,10,O
300,##??,10,O
300,??,10,O
300,???,1,B-AUT
300,??????,1.1,I-AUT
300,????,10,O
300,##?,10,O
300,???,10,O
300,?????,10,O
300,?????,10,O
300,????,10,O
300,????,10,O
300,[SEP],10,O
300,,10,O
